1,11-08-2021,09:29:08,1128,24.2,174,3.6
2,11-08-2021,09:59:08,721,15.5,476,430.5
3,11-08-2021,10:29:08,731,15.7,477,431.9
4,11-08-2021,10:59:08,736,15.8,476,430.5
5,11-08-2021,11:29:08,744,16,478,433.3
6,11-08-2021,11:59:08,744,16,477,431.9
7,11-08-2021,12:29:08,750,16.1,478,433.3
8,11-08-2021,12:59:08,759,16.3,477,431.9
9,11-08-2021,13:29:08,767,16.4,478,433.3
10,11-08-2021,13:59:08,777,16.7,479,434.7
11,11-08-2021,14:29:08,779,16.7,478,433.3
12,11-08-2021,14:59:08,781,16.7,477,431.9
13,11-08-2021,15:29:08,781,16.7,477,431.9
14,11-08-2021,15:59:08,779,16.7,476,430.5
15,11-08-2021,16:29:08,775,16.6,474,427.7
16,11-08-2021,16:59:08,770,16.5,473,426.3
17,11-08-2021,17:29:08,762,16.3,471,423.5
18,11-08-2021,17:59:08,754,16.2,470,422.1
19,11-08-2021,18:29:08,748,16,469,420.7
20,11-08-2021,18:59:08,738,15.8,467,417.9
21,11-08-2021,19:29:08,728,15.6,466,416.5
22,11-08-2021,19:59:08,721,15.5,465,415
23,11-08-2021,20:29:08,715,15.3,464,413.6
24,11-08-2021,20:59:08,710,15.2,463,412.2
25,11-08-2021,21:29:08,704,15.1,462,410.8
26,11-08-2021,21:59:08,697,14.9,462,410.8
27,11-08-2021,22:29:08,692,14.8,463,412.2
28,11-08-2021,22:59:08,686,14.7,463,412.2
29,11-08-2021,23:29:08,683,14.6,462,410.8
30,11-08-2021,23:59:08,678,14.5,462,410.8
31,12-08-2021,00:29:08,674,14.5,462,410.8
32,12-08-2021,00:59:08,669,14.3,461,409.4
33,12-08-2021,01:29:08,664,14.2,459,406.6
34,12-08-2021,01:59:08,662,14.2,458,405.2
35,12-08-2021,02:29:08,655,14.1,459,406.6
36,12-08-2021,02:59:08,651,14,456,402.4
37,12-08-2021,03:29:08,645,13.8,455,401
38,12-08-2021,03:59:08,642,13.8,456,402.4
39,12-08-2021,04:29:08,638,13.7,457,403.8
40,12-08-2021,04:59:08,634,13.6,455,401
41,12-08-2021,05:29:08,633,13.6,456,402.4
42,12-08-2021,05:59:08,631,13.5,457,403.8
43,12-08-2021,06:29:08,633,13.6,460,408
44,12-08-2021,06:59:08,637,13.7,461,409.4
45,12-08-2021,07:29:08,641,13.8,462,410.8
46,12-08-2021,07:59:08,645,13.8,463,412.2
47,12-08-2021,08:29:08,651,14,464,413.6
48,12-08-2021,08:59:08,660,14.2,465,415
49,12-08-2021,09:29:08,671,14.4,466,416.5
50,12-08-2021,09:59:08,677,14.5,465,415
51,12-08-2021,10:29:08,687,14.7,467,417.9
52,12-08-2021,10:59:08,697,14.9,467,417.9
53,12-08-2021,11:29:08,709,15.2,467,417.9
54,12-08-2021,11:59:08,720,15.4,468,419.3
55,12-08-2021,12:29:08,725,15.5,470,422.1
56,12-08-2021,12:59:08,737,15.8,470,422.1
57,12-08-2021,13:29:08,747,16,471,423.5
58,12-08-2021,13:59:08,747,16,468,419.3
59,12-08-2021,14:29:08,750,16.1,468,419.3
60,12-08-2021,14:59:08,754,16.2,468,419.3
61,12-08-2021,15:29:08,754,16.2,468,419.3
62,12-08-2021,15:59:08,748,16,467,417.9
63,12-08-2021,16:29:08,743,15.9,466,416.5
64,12-08-2021,16:59:08,738,15.8,465,415
65,12-08-2021,17:29:08,732,15.7,465,415
66,12-08-2021,17:59:08,723,15.5,463,412.2
67,12-08-2021,18:29:08,717,15.4,461,409.4
68,12-08-2021,18:59:08,710,15.2,461,409.4
69,12-08-2021,19:29:08,705,15.1,460,408
70,12-08-2021,19:59:08,700,15,459,406.6
71,12-08-2021,20:29:08,694,14.9,457,403.8
72,12-08-2021,20:59:08,689,14.8,458,405.2
73,12-08-2021,21:29:08,684,14.7,457,403.8
74,12-08-2021,21:59:08,679,14.6,458,405.2
75,12-08-2021,22:29:08,673,14.4,458,405.2
76,12-08-2021,22:59:08,670,14.4,458,405.2
77,12-08-2021,23:29:08,670,14.4,458,405.2
78,12-08-2021,23:59:08,668,14.3,458,405.2
79,13-08-2021,00:29:08,665,14.3,456,402.4
80,13-08-2021,00:59:08,661,14.2,456,402.4
81,13-08-2021,01:29:08,655,14.1,454,399.6
82,13-08-2021,01:59:08,650,13.9,452,396.8
83,13-08-2021,02:29:08,647,13.9,451,395.3
84,13-08-2021,02:59:08,643,13.8,451,395.3
85,13-08-2021,03:29:08,637,13.7,450,393.9
86,13-08-2021,03:59:08,633,13.6,450,393.9
87,13-08-2021,04:29:08,628,13.5,450,393.9
88,13-08-2021,04:59:08,627,13.5,451,395.3
89,13-08-2021,05:29:08,628,13.5,453,398.2
90,13-08-2021,05:59:08,628,13.5,455,401
91,13-08-2021,06:29:08,628,13.5,456,402.4
92,13-08-2021,06:59:08,631,13.5,457,403.8
93,13-08-2021,07:29:08,632,13.6,458,405.2
94,13-08-2021,07:59:08,638,13.7,459,406.6
95,13-08-2021,08:29:08,642,13.8,459,406.6
96,13-08-2021,08:59:08,649,13.9,460,408
97,13-08-2021,09:29:08,662,14.2,461,409.4
98,13-08-2021,09:59:08,675,14.5,462,410.8
99,13-08-2021,10:29:08,684,14.7,462,410.8
100,13-08-2021,10:59:08,694,14.9,463,412.2
101,13-08-2021,11:29:08,708,15.2,463,412.2
102,13-08-2021,11:59:08,719,15.4,465,415
103,13-08-2021,12:29:08,721,15.5,464,413.6
104,13-08-2021,12:59:08,722,15.5,464,413.6
105,13-08-2021,13:29:08,728,15.6,464,413.6
106,13-08-2021,13:59:08,733,15.7,466,416.5
107,13-08-2021,14:29:08,739,15.8,467,417.9
108,13-08-2021,14:59:08,743,15.9,467,417.9
109,13-08-2021,15:29:08,744,16,466,416.5
110,13-08-2021,15:59:08,745,16,466,416.5
111,13-08-2021,16:29:08,748,16,466,416.5
112,13-08-2021,16:59:08,748,16,465,415
113,13-08-2021,17:29:08,742,15.9,463,412.2
114,13-08-2021,17:59:08,735,15.8,463,412.2
115,13-08-2021,18:29:08,731,15.7,461,409.4
116,13-08-2021,18:59:08,724,15.5,461,409.4
117,13-08-2021,19:29:08,720,15.4,460,408
118,13-08-2021,19:59:08,717,15.4,460,408
119,13-08-2021,20:29:08,711,15.2,458,405.2
120,13-08-2021,20:59:08,706,15.1,457,403.8
121,13-08-2021,21:29:08,704,15.1,456,402.4
122,13-08-2021,21:59:08,703,15.1,455,401
123,13-08-2021,22:29:08,700,15,455,401
124,13-08-2021,22:59:08,697,14.9,455,401
125,13-08-2021,23:29:08,694,14.9,453,398.2
126,13-08-2021,23:59:08,690,14.8,450,393.9
127,14-08-2021,00:29:08,688,14.8,450,393.9
128,14-08-2021,00:59:08,687,14.7,452,396.8
129,14-08-2021,01:29:08,686,14.7,452,396.8
130,14-08-2021,01:59:08,686,14.7,453,398.2
131,14-08-2021,02:29:08,686,14.7,453,398.2
132,14-08-2021,02:59:08,682,14.6,453,398.2
133,14-08-2021,03:29:08,679,14.6,453,398.2
134,14-08-2021,03:59:08,679,14.6,453,398.2
135,14-08-2021,04:29:08,677,14.5,453,398.2
136,14-08-2021,04:59:08,674,14.5,453,398.2
137,14-08-2021,05:29:08,673,14.4,453,398.2
138,14-08-2021,05:59:08,674,14.5,454,399.6
139,14-08-2021,06:29:08,675,14.5,456,402.4
140,14-08-2021,06:59:08,676,14.5,456,402.4
141,14-08-2021,07:29:08,680,14.6,457,403.8
142,14-08-2021,07:59:08,685,14.7,457,403.8
143,14-08-2021,08:29:08,690,14.8,458,405.2
144,14-08-2021,08:59:08,699,15,459,406.6
145,14-08-2021,09:29:08,711,15.2,459,406.6
146,14-08-2021,09:59:08,721,15.5,460,408
147,14-08-2021,10:29:08,734,15.7,461,409.4
148,14-08-2021,10:59:08,738,15.8,461,409.4
149,14-08-2021,11:29:08,743,15.9,462,410.8
150,14-08-2021,11:59:08,754,16.2,464,413.6
151,14-08-2021,12:29:08,760,16.3,463,412.2
152,14-08-2021,12:59:08,768,16.5,464,413.6
153,14-08-2021,13:29:08,781,16.7,465,415
154,14-08-2021,13:59:08,791,17,466,416.5
155,14-08-2021,14:29:08,796,17.1,464,413.6
156,14-08-2021,14:59:08,796,17.1,464,413.6
157,14-08-2021,15:29:08,796,17.1,463,412.2
158,14-08-2021,15:59:08,793,17,462,410.8
159,14-08-2021,16:29:08,789,16.9,461,409.4
160,14-08-2021,16:59:08,782,16.8,460,408
161,14-08-2021,17:29:08,777,16.7,458,405.2
162,14-08-2021,17:59:08,770,16.5,457,403.8
163,14-08-2021,18:29:08,763,16.4,456,402.4
164,14-08-2021,18:59:08,756,16.2,455,401
165,14-08-2021,19:29:08,751,16.1,453,398.2
166,14-08-2021,19:59:08,745,16,452,396.8
167,14-08-2021,20:29:08,738,15.8,450,393.9
168,14-08-2021,20:59:08,733,15.7,450,393.9
169,14-08-2021,21:29:08,729,15.6,448,391.1
170,14-08-2021,21:59:08,723,15.5,448,391.1
171,14-08-2021,22:29:08,719,15.4,445,386.9
172,14-08-2021,22:59:08,714,15.3,444,385.5
173,14-08-2021,23:29:08,712,15.3,444,385.5
174,14-08-2021,23:59:08,709,15.2,446,388.3
175,15-08-2021,00:29:08,707,15.2,444,385.5
176,15-08-2021,00:59:08,703,15.1,442,382.7
177,15-08-2021,01:29:08,696,14.9,438,377
178,15-08-2021,01:59:08,693,14.9,439,378.4
179,15-08-2021,02:29:08,690,14.8,439,378.4
180,15-08-2021,02:59:08,689,14.8,440,379.9
181,15-08-2021,03:29:08,685,14.7,440,379.9
182,15-08-2021,03:59:08,682,14.6,439,378.4
183,15-08-2021,04:29:08,678,14.5,439,378.4
184,15-08-2021,04:59:08,676,14.5,439,378.4
185,15-08-2021,05:29:08,674,14.5,440,379.9
186,15-08-2021,05:59:08,674,14.5,441,381.3
187,15-08-2021,06:29:08,673,14.4,441,381.3
188,15-08-2021,06:59:08,676,14.5,443,384.1
189,15-08-2021,07:29:08,680,14.6,444,385.5
190,15-08-2021,07:59:08,686,14.7,445,386.9
191,15-08-2021,08:29:08,692,14.8,446,388.3
192,15-08-2021,08:59:08,697,14.9,446,388.3
193,15-08-2021,09:29:08,709,15.2,448,391.1
194,15-08-2021,09:59:08,717,15.4,448,391.1
195,15-08-2021,10:29:08,726,15.6,448,391.1
196,15-08-2021,10:59:08,731,15.7,448,391.1
197,15-08-2021,11:29:08,742,15.9,450,393.9
198,15-08-2021,11:59:08,749,16.1,451,395.3
199,15-08-2021,12:29:08,757,16.2,451,395.3
200,15-08-2021,12:59:08,763,16.4,452,396.8
201,15-08-2021,13:29:08,768,16.5,451,395.3
202,15-08-2021,13:59:08,773,16.6,452,396.8
203,15-08-2021,14:29:08,778,16.7,451,395.3
204,15-08-2021,14:59:08,780,16.7,451,395.3
205,15-08-2021,15:29:08,779,16.7,450,393.9
206,15-08-2021,15:59:08,775,16.6,449,392.5
207,15-08-2021,16:29:08,771,16.5,448,391.1
208,15-08-2021,16:59:08,767,16.4,448,391.1
209,15-08-2021,17:29:08,762,16.3,447,389.7
210,15-08-2021,17:59:08,754,16.2,446,388.3
211,15-08-2021,18:29:08,747,16,446,388.3
212,15-08-2021,18:59:08,742,15.9,444,385.5
213,15-08-2021,19:29:08,736,15.8,445,386.9
214,15-08-2021,19:59:08,729,15.6,443,384.1
215,15-08-2021,20:29:08,724,15.5,443,384.1
216,15-08-2021,20:59:08,719,15.4,442,382.7
217,15-08-2021,21:29:08,714,15.3,441,381.3
218,15-08-2021,21:59:08,711,15.2,442,382.7
219,15-08-2021,22:29:08,710,15.2,442,382.7
220,15-08-2021,22:59:08,706,15.1,442,382.7
221,15-08-2021,23:29:08,702,15.1,444,385.5
222,15-08-2021,23:59:08,701,15,444,385.5
223,16-08-2021,00:29:08,697,14.9,444,385.5
224,16-08-2021,00:59:08,695,14.9,442,382.7
225,16-08-2021,01:29:08,692,14.8,439,378.4
226,16-08-2021,01:59:08,692,14.8,442,382.7
227,16-08-2021,02:29:08,693,14.9,443,384.1
228,16-08-2021,02:59:08,692,14.8,440,379.9
229,16-08-2021,03:29:08,692,14.8,442,382.7
230,16-08-2021,03:59:08,692,14.8,443,384.1
231,16-08-2021,04:29:08,690,14.8,444,385.5
232,16-08-2021,04:59:08,690,14.8,445,386.9
233,16-08-2021,05:29:08,688,14.8,448,391.1
234,16-08-2021,05:59:08,688,14.8,450,393.9
235,16-08-2021,06:29:08,688,14.8,451,395.3
236,16-08-2021,06:59:08,689,14.8,453,398.2
237,16-08-2021,07:29:08,691,14.8,454,399.6
238,16-08-2021,07:59:08,695,14.9,455,401
239,16-08-2021,08:29:08,703,15.1,457,403.8
240,16-08-2021,08:59:08,715,15.3,459,406.6
241,16-08-2021,09:29:08,726,15.6,460,408
242,16-08-2021,09:59:08,736,15.8,462,410.8
243,16-08-2021,10:29:08,746,16,463,412.2
244,16-08-2021,10:59:08,758,16.3,464,413.6
245,16-08-2021,11:29:08,768,16.5,464,413.6
246,16-08-2021,11:59:08,777,16.7,464,413.6
247,16-08-2021,12:29:08,784,16.8,465,415
248,16-08-2021,12:59:08,793,17,466,416.5
249,16-08-2021,13:29:08,802,17.2,466,416.5
250,16-08-2021,13:59:08,801,17.2,465,415
251,16-08-2021,14:29:08,797,17.1,464,413.6
252,16-08-2021,14:59:08,794,17,464,413.6
253,16-08-2021,15:29:08,795,17,465,415
254,16-08-2021,15:59:08,795,17,465,415
255,16-08-2021,16:29:08,794,17,465,415
256,16-08-2021,16:59:08,792,17,465,415
257,16-08-2021,17:29:08,789,16.9,466,416.5
258,16-08-2021,17:59:08,783,16.8,466,416.5
259,16-08-2021,18:29:08,775,16.6,464,413.6
260,16-08-2021,18:59:08,769,16.5,464,413.6
261,16-08-2021,19:29:08,763,16.4,463,412.2
262,16-08-2021,19:59:08,759,16.3,462,410.8
263,16-08-2021,20:29:08,757,16.2,462,410.8
264,16-08-2021,20:59:08,754,16.2,461,409.4
265,16-08-2021,21:29:08,754,16.2,461,409.4
266,16-08-2021,21:59:08,753,16.1,459,406.6
267,16-08-2021,22:29:08,750,16.1,457,403.8
268,16-08-2021,22:59:08,747,16,459,406.6
269,16-08-2021,23:29:08,744,16,459,406.6
270,16-08-2021,23:59:08,741,15.9,460,408
271,17-08-2021,00:29:08,737,15.8,464,413.6
272,17-08-2021,00:59:08,733,15.7,470,422.1
273,17-08-2021,01:29:08,736,15.8,472,424.9
274,17-08-2021,01:59:08,732,15.7,474,427.7
275,17-08-2021,02:29:08,731,15.7,478,433.3
276,17-08-2021,02:59:08,726,15.6,481,437.6
277,17-08-2021,03:29:08,721,15.5,480,436.1
278,17-08-2021,03:59:08,717,15.4,480,436.1
279,17-08-2021,04:29:08,712,15.3,480,436.1
280,17-08-2021,04:59:08,709,15.2,481,437.6
281,17-08-2021,05:29:08,706,15.1,481,437.6
282,17-08-2021,05:59:08,700,15,481,437.6
283,17-08-2021,06:29:08,699,15,482,439
284,17-08-2021,06:59:08,698,15,483,440.4
285,17-08-2021,07:29:08,697,14.9,484,441.8
286,17-08-2021,07:59:08,696,14.9,485,443.2
287,17-08-2021,08:29:08,696,14.9,485,443.2
288,17-08-2021,08:59:08,699,15,485,443.2
289,17-08-2021,09:29:08,699,15,486,444.6
290,17-08-2021,09:59:08,702,15.1,487,446
291,17-08-2021,10:29:08,705,15.1,490,450.2
292,17-08-2021,10:59:08,710,15.2,491,451.6
293,17-08-2021,11:29:08,711,15.2,491,451.6
294,17-08-2021,11:59:08,713,15.3,494,455.8
295,17-08-2021,12:29:08,716,15.4,495,457.2
296,17-08-2021,12:59:08,720,15.4,496,458.6
297,17-08-2021,13:29:08,721,15.5,496,458.6
298,17-08-2021,13:59:08,725,15.5,496,458.6
299,17-08-2021,14:29:08,727,15.6,498,461.5
300,17-08-2021,14:59:08,729,15.6,500,464.3
301,17-08-2021,15:29:08,729,15.6,498,461.5
302,17-08-2021,15:59:08,728,15.6,499,462.9
303,17-08-2021,16:29:08,725,15.5,496,458.6
304,17-08-2021,16:59:08,722,15.5,496,458.6
305,17-08-2021,17:29:08,719,15.4,494,455.8
306,17-08-2021,17:59:08,717,15.4,494,455.8
307,17-08-2021,18:29:08,715,15.3,493,454.4
308,17-08-2021,18:59:08,711,15.2,493,454.4
309,17-08-2021,19:29:08,708,15.2,492,453
310,17-08-2021,19:59:08,704,15.1,492,453
311,17-08-2021,20:29:08,702,15.1,492,453
312,17-08-2021,20:59:08,701,15,492,453
313,17-08-2021,21:29:08,699,15,492,453
314,17-08-2021,21:59:08,696,14.9,492,453
315,17-08-2021,22:29:08,693,14.9,493,454.4
316,17-08-2021,22:59:08,689,14.8,493,454.4
317,17-08-2021,23:29:08,686,14.7,493,454.4
318,17-08-2021,23:59:08,684,14.7,492,453
319,18-08-2021,00:29:08,680,14.6,492,453
320,18-08-2021,00:59:08,677,14.5,493,454.4
321,18-08-2021,01:29:08,674,14.5,493,454.4
322,18-08-2021,01:59:08,672,14.4,494,455.8
323,18-08-2021,02:29:08,669,14.3,493,454.4
324,18-08-2021,02:59:08,668,14.3,493,454.4
325,18-08-2021,03:29:08,666,14.3,492,453
326,18-08-2021,03:59:08,664,14.2,492,453
327,18-08-2021,04:29:08,662,14.2,491,451.6
328,18-08-2021,04:59:08,660,14.2,491,451.6
329,18-08-2021,05:29:08,659,14.1,491,451.6
330,18-08-2021,05:59:08,659,14.1,491,451.6
331,18-08-2021,06:29:08,658,14.1,490,450.2
332,18-08-2021,06:59:08,659,14.1,491,451.6
333,18-08-2021,07:29:08,662,14.2,490,450.2
334,18-08-2021,07:59:08,666,14.3,489,448.8
335,18-08-2021,08:29:08,671,14.4,489,448.8
336,18-08-2021,08:59:08,679,14.6,489,448.8
337,18-08-2021,09:29:08,682,14.6,487,446
338,18-08-2021,09:59:08,686,14.7,486,444.6
339,18-08-2021,10:29:08,694,14.9,486,444.6
340,18-08-2021,10:59:08,701,15,486,444.6
341,18-08-2021,11:29:08,708,15.2,486,444.6
342,18-08-2021,11:59:08,715,15.3,486,444.6
343,18-08-2021,12:29:08,720,15.4,485,443.2
344,18-08-2021,12:59:08,724,15.5,485,443.2
345,18-08-2021,13:29:08,724,15.5,484,441.8
346,18-08-2021,13:59:08,724,15.5,483,440.4
347,18-08-2021,14:29:08,729,15.6,485,443.2
348,18-08-2021,14:59:08,731,15.7,484,441.8
349,18-08-2021,15:29:08,729,15.6,482,439
350,18-08-2021,15:59:08,729,15.6,482,439
351,18-08-2021,16:29:08,727,15.6,480,436.1
352,18-08-2021,16:59:08,721,15.5,479,434.7
353,18-08-2021,17:29:08,715,15.3,478,433.3
354,18-08-2021,17:59:08,710,15.2,476,430.5
355,18-08-2021,18:29:08,705,15.1,475,429.1
356,18-08-2021,18:59:08,698,15,473,426.3
357,18-08-2021,19:29:08,694,14.9,472,424.9
358,18-08-2021,19:59:08,690,14.8,471,423.5
359,18-08-2021,20:29:08,683,14.6,470,422.1
360,18-08-2021,20:59:08,678,14.5,468,419.3
361,18-08-2021,21:29:08,675,14.5,468,419.3
362,18-08-2021,21:59:08,673,14.4,466,416.5
363,18-08-2021,22:29:08,671,14.4,467,417.9
364,18-08-2021,22:59:08,667,14.3,465,415
365,18-08-2021,23:29:08,663,14.2,465,415
366,18-08-2021,23:59:08,661,14.2,465,415
367,19-08-2021,00:29:08,659,14.1,464,413.6
368,19-08-2021,00:59:08,657,14.1,464,413.6
369,19-08-2021,01:29:08,654,14,464,413.6
370,19-08-2021,01:59:08,652,14,462,410.8
371,19-08-2021,02:29:08,650,13.9,461,409.4
372,19-08-2021,02:59:08,648,13.9,461,409.4
373,19-08-2021,03:29:08,646,13.9,461,409.4
374,19-08-2021,03:59:08,644,13.8,460,408
375,19-08-2021,04:29:08,643,13.8,460,408
376,19-08-2021,04:59:08,641,13.8,460,408
377,19-08-2021,05:29:08,639,13.7,461,409.4
378,19-08-2021,05:59:08,640,13.7,462,410.8
379,19-08-2021,06:29:08,642,13.8,462,410.8
380,19-08-2021,06:59:08,646,13.9,463,412.2
381,19-08-2021,07:29:08,649,13.9,464,413.6
382,19-08-2021,07:59:08,651,14,463,412.2
383,19-08-2021,08:29:08,656,14.1,463,412.2
384,19-08-2021,08:59:08,662,14.2,464,413.6
385,19-08-2021,09:29:08,673,14.4,465,415
386,19-08-2021,09:59:08,678,14.5,465,415
387,19-08-2021,10:29:08,684,14.7,465,415
388,19-08-2021,10:59:08,688,14.8,464,413.6
389,19-08-2021,11:29:08,688,14.8,464,413.6
390,19-08-2021,11:59:08,691,14.8,465,415
391,19-08-2021,12:29:08,699,15,466,416.5
392,19-08-2021,12:59:08,697,14.9,464,413.6
393,19-08-2021,13:29:08,697,14.9,464,413.6
394,19-08-2021,13:59:08,702,15.1,466,416.5
395,19-08-2021,14:29:08,703,15.1,466,416.5
396,19-08-2021,14:59:08,702,15.1,464,413.6
397,19-08-2021,15:29:08,702,15.1,464,413.6
398,19-08-2021,15:59:08,706,15.1,463,412.2
399,19-08-2021,16:29:08,704,15.1,463,412.2
400,19-08-2021,16:59:08,701,15,461,409.4
401,19-08-2021,17:29:08,700,15,461,409.4
402,19-08-2021,17:59:08,695,14.9,461,409.4
403,19-08-2021,18:29:08,691,14.8,460,408
404,19-08-2021,18:59:08,689,14.8,459,406.6
405,19-08-2021,19:29:08,683,14.6,458,405.2
406,19-08-2021,19:59:08,684,14.7,458,405.2
407,19-08-2021,20:29:08,683,14.6,457,403.8
408,19-08-2021,20:59:08,680,14.6,458,405.2
409,19-08-2021,21:29:08,677,14.5,457,403.8
410,19-08-2021,21:59:08,675,14.5,457,403.8
411,19-08-2021,22:29:08,674,14.5,457,403.8
412,19-08-2021,22:59:08,672,14.4,456,402.4
413,19-08-2021,23:29:08,672,14.4,456,402.4
414,19-08-2021,23:59:08,670,14.4,455,401
415,20-08-2021,00:29:08,668,14.3,454,399.6
416,20-08-2021,00:59:08,669,14.3,455,401
417,20-08-2021,01:29:08,669,14.3,455,401
418,20-08-2021,01:59:08,667,14.3,456,402.4
419,20-08-2021,02:29:08,665,14.3,455,401
420,20-08-2021,02:59:08,663,14.2,455,401
421,20-08-2021,03:29:08,661,14.2,455,401
422,20-08-2021,03:59:08,661,14.2,453,398.2
423,20-08-2021,04:29:08,659,14.1,454,399.6
424,20-08-2021,04:59:08,658,14.1,454,399.6
425,20-08-2021,05:29:08,656,14.1,455,401
426,20-08-2021,05:59:08,655,14.1,457,403.8
427,20-08-2021,06:29:08,654,14,458,405.2
428,20-08-2021,06:59:08,655,14.1,461,409.4
429,20-08-2021,07:29:08,658,14.1,462,410.8
430,20-08-2021,07:59:08,661,14.2,463,412.2
431,20-08-2021,08:29:08,665,14.3,463,412.2
432,20-08-2021,08:59:08,673,14.4,464,413.6
433,20-08-2021,09:29:08,681,14.6,465,415
434,20-08-2021,09:59:08,688,14.8,465,415
435,20-08-2021,10:29:08,697,14.9,465,415
436,20-08-2021,10:59:08,702,15.1,465,415
437,20-08-2021,11:29:08,706,15.1,466,416.5
438,20-08-2021,11:59:08,713,15.3,466,416.5
439,20-08-2021,12:29:08,721,15.5,467,417.9
440,20-08-2021,12:59:08,724,15.5,467,417.9
441,20-08-2021,13:29:08,729,15.6,469,420.7
442,20-08-2021,13:59:08,728,15.6,467,417.9
443,20-08-2021,14:29:08,725,15.5,466,416.5
444,20-08-2021,14:59:08,723,15.5,465,415
445,20-08-2021,15:29:08,723,15.5,464,413.6
446,20-08-2021,15:59:08,725,15.5,464,413.6
447,20-08-2021,16:29:08,725,15.5,463,412.2
448,20-08-2021,16:59:08,721,15.5,462,410.8
449,20-08-2021,17:29:08,722,15.5,463,412.2
450,20-08-2021,17:59:08,715,15.3,461,409.4
451,20-08-2021,18:29:08,709,15.2,461,409.4
452,20-08-2021,18:59:08,704,15.1,461,409.4
453,20-08-2021,19:29:08,700,15,459,406.6
454,20-08-2021,19:59:08,696,14.9,458,405.2
455,20-08-2021,20:29:08,692,14.8,457,403.8
456,20-08-2021,20:59:08,690,14.8,457,403.8
457,20-08-2021,21:29:08,686,14.7,456,402.4
458,20-08-2021,21:59:08,683,14.6,457,403.8
459,20-08-2021,22:29:08,679,14.6,456,402.4
460,20-08-2021,22:59:08,677,14.5,456,402.4
461,20-08-2021,23:29:08,674,14.5,455,401
462,20-08-2021,23:59:08,671,14.4,454,399.6
463,21-08-2021,00:29:08,667,14.3,455,401
464,21-08-2021,00:59:08,663,14.2,456,402.4
465,21-08-2021,01:29:08,659,14.1,455,401
466,21-08-2021,01:59:08,657,14.1,455,401
467,21-08-2021,02:29:08,654,14,453,398.2
468,21-08-2021,02:59:08,649,13.9,452,396.8
469,21-08-2021,03:29:08,644,13.8,452,396.8
470,21-08-2021,03:59:08,642,13.8,451,395.3
471,21-08-2021,04:29:08,640,13.7,450,393.9
472,21-08-2021,04:59:08,636,13.6,450,393.9
473,21-08-2021,05:29:08,634,13.6,451,395.3
474,21-08-2021,05:59:08,634,13.6,452,396.8
475,21-08-2021,06:29:08,635,13.6,453,398.2
476,21-08-2021,06:59:08,636,13.6,454,399.6
477,21-08-2021,07:29:08,640,13.7,456,402.4
478,21-08-2021,07:59:08,644,13.8,457,403.8
479,21-08-2021,08:29:08,651,14,457,403.8
480,21-08-2021,08:59:08,657,14.1,459,406.6
481,21-08-2021,09:29:08,665,14.3,461,409.4
482,21-08-2021,09:59:08,672,14.4,461,409.4
483,21-08-2021,10:29:08,679,14.6,462,410.8
484,21-08-2021,10:59:08,690,14.8,463,412.2
485,21-08-2021,11:29:08,699,15,463,412.2
486,21-08-2021,11:59:08,707,15.2,463,412.2
487,21-08-2021,12:29:08,718,15.4,464,413.6
488,21-08-2021,12:59:08,728,15.6,465,415
489,21-08-2021,13:29:08,728,15.6,464,413.6
490,21-08-2021,13:59:08,725,15.5,465,415
491,21-08-2021,14:29:08,727,15.6,464,413.6
492,21-08-2021,14:59:08,728,15.6,464,413.6
493,21-08-2021,15:29:08,727,15.6,464,413.6
494,21-08-2021,15:59:08,729,15.6,464,413.6
495,21-08-2021,16:29:08,727,15.6,462,410.8
496,21-08-2021,16:59:08,719,15.4,462,410.8
497,21-08-2021,17:29:08,711,15.2,459,406.6
498,21-08-2021,17:59:08,705,15.1,459,406.6
499,21-08-2021,18:29:08,697,14.9,459,406.6
500,21-08-2021,18:59:08,691,14.8,460,408
501,21-08-2021,19:29:08,687,14.7,459,406.6
502,21-08-2021,19:59:08,683,14.6,457,403.8
503,21-08-2021,20:29:08,678,14.5,455,401
504,21-08-2021,20:59:08,675,14.5,455,401
505,21-08-2021,21:29:08,672,14.4,454,399.6
506,21-08-2021,21:59:08,667,14.3,454,399.6
507,21-08-2021,22:29:08,664,14.2,454,399.6
508,21-08-2021,22:59:08,659,14.1,455,401
509,21-08-2021,23:29:08,657,14.1,454,399.6
510,21-08-2021,23:59:08,655,14.1,454,399.6
511,22-08-2021,00:29:08,654,14,452,396.8
512,22-08-2021,00:59:08,651,14,449,392.5
513,22-08-2021,01:29:08,649,13.9,447,389.7
514,22-08-2021,01:59:08,649,13.9,449,392.5
515,22-08-2021,02:29:08,649,13.9,450,393.9
516,22-08-2021,02:59:08,647,13.9,450,393.9
517,22-08-2021,03:29:08,643,13.8,448,391.1
518,22-08-2021,03:59:08,640,13.7,446,388.3
519,22-08-2021,04:29:08,639,13.7,446,388.3
520,22-08-2021,04:59:08,637,13.7,447,389.7
521,22-08-2021,05:29:08,634,13.6,446,388.3
522,22-08-2021,05:59:08,634,13.6,448,391.1
523,22-08-2021,06:29:08,634,13.6,450,393.9
524,22-08-2021,06:59:08,637,13.7,451,395.3
525,22-08-2021,07:29:08,639,13.7,452,396.8
526,22-08-2021,07:59:08,644,13.8,453,398.2
527,22-08-2021,08:29:08,647,13.9,453,398.2
528,22-08-2021,08:59:08,655,14.1,452,396.8
529,22-08-2021,09:29:08,663,14.2,453,398.2
530,22-08-2021,09:59:08,672,14.4,453,398.2
531,22-08-2021,10:29:08,680,14.6,453,398.2
532,22-08-2021,10:59:08,688,14.8,453,398.2
533,22-08-2021,11:29:08,695,14.9,455,401
534,22-08-2021,11:59:08,698,15,454,399.6
535,22-08-2021,12:29:08,700,15,454,399.6
536,22-08-2021,12:59:08,711,15.2,454,399.6
537,22-08-2021,13:29:08,721,15.5,454,399.6
538,22-08-2021,13:59:08,724,15.5,453,398.2
539,22-08-2021,14:29:08,725,15.5,453,398.2
540,22-08-2021,14:59:08,725,15.5,452,396.8
541,22-08-2021,15:29:08,724,15.5,450,393.9
542,22-08-2021,15:59:08,721,15.5,449,392.5
543,22-08-2021,16:29:08,718,15.4,448,391.1
544,22-08-2021,16:59:08,712,15.3,448,391.1
545,22-08-2021,17:29:08,708,15.2,447,389.7
546,22-08-2021,17:59:08,703,15.1,446,388.3
547,22-08-2021,18:29:08,699,15,445,386.9
548,22-08-2021,18:59:08,696,14.9,445,386.9
549,22-08-2021,19:29:08,693,14.9,445,386.9
550,22-08-2021,19:59:08,690,14.8,445,386.9
551,22-08-2021,20:29:08,687,14.7,445,386.9
552,22-08-2021,20:59:08,684,14.7,445,386.9
553,22-08-2021,21:29:08,682,14.6,445,386.9
554,22-08-2021,21:59:08,682,14.6,444,385.5
555,22-08-2021,22:29:08,681,14.6,444,385.5
556,22-08-2021,22:59:08,678,14.5,444,385.5
557,22-08-2021,23:29:08,675,14.5,444,385.5
558,22-08-2021,23:59:08,673,14.4,443,384.1
559,23-08-2021,00:29:08,672,14.4,444,385.5
560,23-08-2021,00:59:08,671,14.4,443,384.1
561,23-08-2021,01:29:08,672,14.4,443,384.1
562,23-08-2021,01:59:08,672,14.4,442,382.7
563,23-08-2021,02:29:08,669,14.3,443,384.1
564,23-08-2021,02:59:08,667,14.3,444,385.5
565,23-08-2021,03:29:08,666,14.3,445,386.9
566,23-08-2021,03:59:08,665,14.3,445,386.9
567,23-08-2021,04:29:08,666,14.3,445,386.9
568,23-08-2021,04:59:08,666,14.3,446,388.3
569,23-08-2021,05:29:08,664,14.2,447,389.7
570,23-08-2021,05:59:08,661,14.2,449,392.5
571,23-08-2021,06:29:08,661,14.2,450,393.9
572,23-08-2021,06:59:08,660,14.2,451,395.3
573,23-08-2021,07:29:08,660,14.2,452,396.8
574,23-08-2021,07:59:08,659,14.1,455,401
575,23-08-2021,08:29:08,659,14.1,458,405.2
576,23-08-2021,08:59:08,659,14.1,459,406.6
577,23-08-2021,09:29:08,662,14.2,461,409.4
578,23-08-2021,09:59:08,665,14.3,463,412.2
579,23-08-2021,10:29:08,669,14.3,465,415
580,23-08-2021,10:59:08,670,14.4,468,419.3
581,23-08-2021,11:29:08,671,14.4,470,422.1
582,23-08-2021,11:59:08,678,14.5,472,424.9
583,23-08-2021,12:29:08,683,14.6,472,424.9
584,23-08-2021,12:59:08,693,14.9,474,427.7
585,23-08-2021,13:29:08,701,15,475,429.1
586,23-08-2021,13:59:08,699,15,476,430.5
587,23-08-2021,14:29:08,701,15,476,430.5
588,23-08-2021,14:59:08,699,15,475,429.1
589,23-08-2021,15:29:08,696,14.9,477,431.9
590,23-08-2021,15:59:08,697,14.9,477,431.9
591,23-08-2021,16:29:08,696,14.9,479,434.7
592,23-08-2021,16:59:08,696,14.9,481,437.6
593,23-08-2021,17:29:08,694,14.9,482,439
594,23-08-2021,17:59:08,692,14.8,484,441.8
595,23-08-2021,18:29:08,691,14.8,485,443.2
596,23-08-2021,18:59:08,693,14.9,488,447.4
597,23-08-2021,19:29:08,692,14.8,490,450.2
598,23-08-2021,19:59:08,691,14.8,490,450.2
599,23-08-2021,20:29:08,690,14.8,493,454.4
600,23-08-2021,20:59:08,686,14.7,494,455.8
601,23-08-2021,21:29:08,686,14.7,495,457.2
602,23-08-2021,21:59:08,686,14.7,497,460
603,23-08-2021,22:29:08,685,14.7,498,461.5
604,23-08-2021,22:59:08,685,14.7,498,461.5
605,23-08-2021,23:29:08,685,14.7,500,464.3
606,23-08-2021,23:59:08,685,14.7,501,465.7
607,24-08-2021,00:29:08,686,14.7,501,465.7
608,24-08-2021,00:59:08,686,14.7,501,465.7
609,24-08-2021,01:29:08,686,14.7,500,464.3
610,24-08-2021,01:59:08,686,14.7,499,462.9
611,24-08-2021,02:29:08,686,14.7,498,461.5
612,24-08-2021,02:59:08,686,14.7,496,458.6
613,24-08-2021,03:29:08,685,14.7,496,458.6
614,24-08-2021,03:59:08,684,14.7,495,457.2
615,24-08-2021,04:29:08,682,14.6,493,454.4
616,24-08-2021,04:59:08,681,14.6,493,454.4
617,24-08-2021,05:29:08,680,14.6,493,454.4
618,24-08-2021,05:59:08,677,14.5,492,453
619,24-08-2021,06:29:08,677,14.5,493,454.4
620,24-08-2021,06:59:08,675,14.5,493,454.4
621,24-08-2021,07:29:08,673,14.4,492,453
622,24-08-2021,07:59:08,672,14.4,494,455.8
623,24-08-2021,08:29:08,671,14.4,494,455.8
624,24-08-2021,08:59:08,671,14.4,496,458.6
625,24-08-2021,09:29:08,675,14.5,495,457.2
626,24-08-2021,09:59:08,677,14.5,496,458.6
627,24-08-2021,10:29:08,679,14.6,497,460
628,24-08-2021,10:59:08,677,14.5,496,458.6
629,24-08-2021,11:29:08,676,14.5,496,458.6
630,24-08-2021,11:59:08,675,14.5,496,458.6
631,24-08-2021,12:29:08,675,14.5,496,458.6
632,24-08-2021,12:59:08,675,14.5,496,458.6
633,24-08-2021,13:29:08,676,14.5,495,457.2
634,24-08-2021,13:59:08,678,14.5,497,460
635,24-08-2021,14:29:08,678,14.5,496,458.6
636,24-08-2021,14:59:08,678,14.5,497,460
637,24-08-2021,15:29:08,682,14.6,496,458.6
638,24-08-2021,15:59:08,684,14.7,496,458.6
639,24-08-2021,16:29:08,684,14.7,496,458.6
640,24-08-2021,16:59:08,682,14.6,496,458.6
641,24-08-2021,17:29:08,678,14.5,494,455.8
642,24-08-2021,17:59:08,674,14.5,494,455.8
643,24-08-2021,18:29:08,670,14.4,494,455.8
644,24-08-2021,18:59:08,665,14.3,493,454.4
645,24-08-2021,19:29:08,661,14.2,493,454.4
646,24-08-2021,19:59:08,657,14.1,492,453
647,24-08-2021,20:29:08,655,14.1,492,453
648,24-08-2021,20:59:08,651,14,492,453
649,24-08-2021,21:29:08,648,13.9,492,453
650,24-08-2021,21:59:08,644,13.8,492,453
651,24-08-2021,22:29:08,641,13.8,491,451.6
652,24-08-2021,22:59:08,638,13.7,490,450.2
653,24-08-2021,23:29:08,637,13.7,490,450.2
654,24-08-2021,23:59:08,636,13.6,489,448.8
655,25-08-2021,00:29:08,635,13.6,489,448.8
656,25-08-2021,00:59:08,634,13.6,488,447.4
657,25-08-2021,01:29:08,632,13.6,487,446
658,25-08-2021,01:59:08,631,13.5,487,446
659,25-08-2021,02:29:08,629,13.5,485,443.2
660,25-08-2021,02:59:08,626,13.4,484,441.8
661,25-08-2021,03:29:08,622,13.3,483,440.4
662,25-08-2021,03:59:08,618,13.3,483,440.4
663,25-08-2021,04:29:08,615,13.2,483,440.4
664,25-08-2021,04:59:08,613,13.2,482,439
665,25-08-2021,05:29:08,610,13.1,481,437.6
666,25-08-2021,05:59:08,608,13,481,437.6
667,25-08-2021,06:29:08,608,13,482,439
668,25-08-2021,06:59:08,608,13,484,441.8
669,25-08-2021,07:29:08,610,13.1,484,441.8
670,25-08-2021,07:59:08,613,13.2,485,443.2
671,25-08-2021,08:29:08,618,13.3,486,444.6
672,25-08-2021,08:59:08,622,13.3,487,446
673,25-08-2021,09:29:08,626,13.4,487,446
674,25-08-2021,09:59:08,633,13.6,488,447.4
675,25-08-2021,10:29:08,636,13.6,488,447.4
676,25-08-2021,10:59:08,643,13.8,487,446
677,25-08-2021,11:29:08,653,14,488,447.4
678,25-08-2021,11:59:08,657,14.1,487,446
679,25-08-2021,12:29:08,657,14.1,487,446
680,25-08-2021,12:59:08,658,14.1,487,446
681,25-08-2021,13:29:08,661,14.2,486,444.6
682,25-08-2021,13:59:08,668,14.3,487,446
683,25-08-2021,14:29:08,669,14.3,488,447.4
684,25-08-2021,14:59:08,669,14.3,486,444.6
685,25-08-2021,15:29:08,667,14.3,486,444.6
686,25-08-2021,15:59:08,665,14.3,485,443.2
687,25-08-2021,16:29:08,661,14.2,484,441.8
688,25-08-2021,16:59:08,656,14.1,483,440.4
689,25-08-2021,17:29:08,652,14,483,440.4
690,25-08-2021,17:59:08,647,13.9,482,439
691,25-08-2021,18:29:08,642,13.8,481,437.6
692,25-08-2021,18:59:08,638,13.7,482,439
693,25-08-2021,19:29:08,636,13.6,481,437.6
694,25-08-2021,19:59:08,631,13.5,481,437.6
695,25-08-2021,20:29:08,630,13.5,482,439
696,25-08-2021,20:59:08,629,13.5,484,441.8
697,25-08-2021,21:29:08,630,13.5,484,441.8
698,25-08-2021,21:59:08,629,13.5,486,444.6
699,25-08-2021,22:29:08,626,13.4,488,447.4
700,25-08-2021,22:59:08,623,13.4,488,447.4
701,25-08-2021,23:29:08,623,13.4,489,448.8
702,25-08-2021,23:59:08,623,13.4,488,447.4
703,26-08-2021,00:29:08,622,13.3,488,447.4
704,26-08-2021,00:59:08,621,13.3,488,447.4
705,26-08-2021,01:29:08,621,13.3,487,446
706,26-08-2021,01:59:08,621,13.3,487,446
707,26-08-2021,02:29:08,620,13.3,487,446
708,26-08-2021,02:59:08,619,13.3,485,443.2
709,26-08-2021,03:29:08,618,13.3,485,443.2
710,26-08-2021,03:59:08,616,13.2,484,441.8
711,26-08-2021,04:29:08,614,13.2,485,443.2
712,26-08-2021,04:59:08,614,13.2,484,441.8
713,26-08-2021,05:29:08,614,13.2,484,441.8
714,26-08-2021,05:59:08,613,13.2,483,440.4
715,26-08-2021,06:29:08,612,13.1,484,441.8
716,26-08-2021,06:59:08,612,13.1,485,443.2
717,26-08-2021,07:29:08,612,13.1,485,443.2
718,26-08-2021,07:59:08,612,13.1,485,443.2
719,26-08-2021,08:29:08,613,13.2,485,443.2
720,26-08-2021,08:59:08,615,13.2,486,444.6
721,26-08-2021,09:29:08,615,13.2,486,444.6
722,26-08-2021,09:59:08,619,13.3,486,444.6
723,26-08-2021,10:29:08,623,13.4,488,447.4
724,26-08-2021,10:59:08,629,13.5,488,447.4
725,26-08-2021,11:29:08,633,13.6,488,447.4
726,26-08-2021,11:59:08,638,13.7,489,448.8
727,26-08-2021,12:29:08,642,13.8,489,448.8
728,26-08-2021,12:59:08,649,13.9,490,450.2
729,26-08-2021,13:29:08,657,14.1,490,450.2
730,26-08-2021,13:59:08,660,14.2,491,451.6
731,26-08-2021,14:29:08,656,14.1,489,448.8
732,26-08-2021,14:59:08,655,14.1,492,453
733,26-08-2021,15:29:08,655,14.1,495,457.2
734,26-08-2021,15:59:08,657,14.1,497,460
735,26-08-2021,16:29:08,657,14.1,498,461.5
736,26-08-2021,16:59:08,651,14,501,465.7
737,26-08-2021,17:29:08,647,13.9,504,469.9
738,26-08-2021,17:59:08,642,13.8,504,469.9
739,26-08-2021,18:29:08,639,13.7,506,472.7
740,26-08-2021,18:59:08,638,13.7,503,468.5
741,26-08-2021,19:29:08,638,13.7,503,468.5
742,26-08-2021,19:59:08,638,13.7,503,468.5
743,26-08-2021,20:29:08,632,13.6,502,467.1
744,26-08-2021,20:59:08,626,13.4,501,465.7
745,26-08-2021,21:29:08,623,13.4,499,462.9
746,26-08-2021,21:59:08,624,13.4,499,462.9
747,26-08-2021,22:29:08,621,13.3,498,461.5
748,26-08-2021,22:59:08,616,13.2,496,458.6
749,26-08-2021,23:29:08,612,13.1,495,457.2
750,26-08-2021,23:59:08,610,13.1,493,454.4
751,27-08-2021,00:29:08,608,13,493,454.4
752,27-08-2021,00:59:08,606,13,492,453
753,27-08-2021,01:29:08,604,13,490,450.2
754,27-08-2021,01:59:08,604,13,491,451.6
755,27-08-2021,02:29:08,603,12.9,491,451.6
756,27-08-2021,02:59:08,601,12.9,491,451.6
757,27-08-2021,03:29:08,600,12.9,491,451.6
758,27-08-2021,03:59:08,598,12.8,489,448.8
759,27-08-2021,04:29:08,597,12.8,489,448.8
760,27-08-2021,04:59:08,596,12.8,489,448.8
761,27-08-2021,05:29:08,595,12.8,489,448.8
762,27-08-2021,05:59:08,596,12.8,489,448.8
763,27-08-2021,06:29:08,593,12.7,490,450.2
764,27-08-2021,06:59:08,593,12.7,491,451.6
765,27-08-2021,07:29:08,594,12.7,491,451.6
766,27-08-2021,07:59:08,594,12.7,492,453
767,27-08-2021,08:29:08,601,12.9,493,454.4
768,27-08-2021,08:59:08,606,13,493,454.4
769,27-08-2021,09:29:08,612,13.1,494,455.8
770,27-08-2021,09:59:08,614,13.2,495,457.2
771,27-08-2021,10:29:08,618,13.3,495,457.2
772,27-08-2021,10:59:08,621,13.3,496,458.6
773,27-08-2021,11:29:08,629,13.5,497,460
774,27-08-2021,11:59:08,632,13.6,497,460
775,27-08-2021,12:29:08,635,13.6,498,461.5
776,27-08-2021,12:59:08,643,13.8,500,464.3
777,27-08-2021,13:29:08,650,13.9,499,462.9
778,27-08-2021,13:59:08,654,14,499,462.9
779,27-08-2021,14:29:08,654,14,500,464.3
780,27-08-2021,14:59:08,651,14,500,464.3
781,27-08-2021,15:29:08,651,14,500,464.3
782,27-08-2021,15:59:08,652,14,501,465.7
783,27-08-2021,16:29:08,654,14,502,467.1
784,27-08-2021,16:59:08,651,14,503,468.5
785,27-08-2021,17:29:08,646,13.9,503,468.5
786,27-08-2021,17:59:08,645,13.8,502,467.1
787,27-08-2021,18:29:08,643,13.8,502,467.1
788,27-08-2021,18:59:08,639,13.7,501,465.7
789,27-08-2021,19:29:08,637,13.7,500,464.3
790,27-08-2021,19:59:08,631,13.5,500,464.3
791,27-08-2021,20:29:08,626,13.4,499,462.9
792,27-08-2021,20:59:08,622,13.3,500,464.3
793,27-08-2021,21:29:08,618,13.3,499,462.9
794,27-08-2021,21:59:08,616,13.2,499,462.9
795,27-08-2021,22:29:08,612,13.1,499,462.9
796,27-08-2021,22:59:08,609,13.1,499,462.9
797,27-08-2021,23:29:08,605,13,498,461.5
798,27-08-2021,23:59:08,603,12.9,498,461.5
799,28-08-2021,00:29:08,600,12.9,497,460
800,28-08-2021,00:59:08,597,12.8,496,458.6
801,28-08-2021,01:29:08,593,12.7,496,458.6
802,28-08-2021,01:59:08,589,12.6,495,457.2
803,28-08-2021,02:29:08,587,12.6,495,457.2
804,28-08-2021,02:59:08,583,12.5,494,455.8
805,28-08-2021,03:29:08,579,12.4,492,453
806,28-08-2021,03:59:08,575,12.3,489,448.8
807,28-08-2021,04:29:08,571,12.3,489,448.8
808,28-08-2021,04:59:08,569,12.2,488,447.4
809,28-08-2021,05:29:08,567,12.2,486,444.6
810,28-08-2021,05:59:08,566,12.1,486,444.6
811,28-08-2021,06:29:08,567,12.2,485,443.2
812,28-08-2021,06:59:08,570,12.2,485,443.2
813,28-08-2021,07:29:08,572,12.3,484,441.8
814,28-08-2021,07:59:08,576,12.4,484,441.8
815,28-08-2021,08:29:08,581,12.5,484,441.8
816,28-08-2021,08:59:08,589,12.6,485,443.2
817,28-08-2021,09:29:08,593,12.7,484,441.8
818,28-08-2021,09:59:08,599,12.9,485,443.2
819,28-08-2021,10:29:08,605,13,484,441.8
820,28-08-2021,10:59:08,608,13,483,440.4
821,28-08-2021,11:29:08,614,13.2,484,441.8
822,28-08-2021,11:59:08,621,13.3,484,441.8
823,28-08-2021,12:29:08,628,13.5,484,441.8
824,28-08-2021,12:59:08,630,13.5,485,443.2
825,28-08-2021,13:29:08,634,13.6,485,443.2
826,28-08-2021,13:59:08,639,13.7,487,446
827,28-08-2021,14:29:08,644,13.8,487,446
828,28-08-2021,14:59:08,643,13.8,487,446
829,28-08-2021,15:29:08,641,13.8,486,444.6
830,28-08-2021,15:59:08,639,13.7,487,446
831,28-08-2021,16:29:08,635,13.6,491,451.6
832,28-08-2021,16:59:08,631,13.5,492,453
833,28-08-2021,17:29:08,628,13.5,489,448.8
834,28-08-2021,17:59:08,625,13.4,485,443.2
835,28-08-2021,18:29:08,621,13.3,484,441.8
836,28-08-2021,18:59:08,618,13.3,481,437.6
837,28-08-2021,19:29:08,616,13.2,480,436.1
838,28-08-2021,19:59:08,616,13.2,478,433.3
839,28-08-2021,20:29:08,616,13.2,478,433.3
840,28-08-2021,20:59:08,613,13.2,477,431.9
841,28-08-2021,21:29:08,610,13.1,476,430.5
842,28-08-2021,21:59:08,606,13,477,431.9
843,28-08-2021,22:29:08,604,13,477,431.9
844,28-08-2021,22:59:08,602,12.9,478,433.3
845,28-08-2021,23:29:08,599,12.9,479,434.7
846,28-08-2021,23:59:08,596,12.8,481,437.6
847,29-08-2021,00:29:08,593,12.7,482,439
848,29-08-2021,00:59:08,592,12.7,484,441.8
849,29-08-2021,01:29:08,591,12.7,485,443.2
850,29-08-2021,01:59:08,589,12.6,486,444.6
851,29-08-2021,02:29:08,587,12.6,487,446
852,29-08-2021,02:59:08,585,12.6,487,446
853,29-08-2021,03:29:08,583,12.5,488,447.4
854,29-08-2021,03:59:08,581,12.5,488,447.4
855,29-08-2021,04:29:08,579,12.4,487,446
856,29-08-2021,04:59:08,577,12.4,487,446
857,29-08-2021,05:29:08,577,12.4,487,446
858,29-08-2021,05:59:08,577,12.4,488,447.4
859,29-08-2021,06:29:08,580,12.4,488,447.4
860,29-08-2021,06:59:08,581,12.5,489,448.8
861,29-08-2021,07:29:08,583,12.5,490,450.2
862,29-08-2021,07:59:08,588,12.6,489,448.8
863,29-08-2021,08:29:08,593,12.7,490,450.2
864,29-08-2021,08:59:08,597,12.8,489,448.8
865,29-08-2021,09:29:08,601,12.9,490,450.2
866,29-08-2021,09:59:08,608,13,491,451.6
867,29-08-2021,10:29:08,618,13.3,491,451.6
868,29-08-2021,10:59:08,625,13.4,491,451.6
869,29-08-2021,11:29:08,632,13.6,492,453
870,29-08-2021,11:59:08,637,13.7,492,453
871,29-08-2021,12:29:08,641,13.8,491,451.6
872,29-08-2021,12:59:08,646,13.9,490,450.2
873,29-08-2021,13:29:08,653,14,491,451.6
874,29-08-2021,13:59:08,655,14.1,490,450.2
875,29-08-2021,14:29:08,658,14.1,489,448.8
876,29-08-2021,14:59:08,661,14.2,489,448.8
877,29-08-2021,15:29:08,662,14.2,489,448.8
878,29-08-2021,15:59:08,661,14.2,488,447.4
879,29-08-2021,16:29:08,658,14.1,488,447.4
880,29-08-2021,16:59:08,657,14.1,487,446
881,29-08-2021,17:29:08,655,14.1,486,444.6
882,29-08-2021,17:59:08,651,14,486,444.6
883,29-08-2021,18:29:08,647,13.9,485,443.2
884,29-08-2021,18:59:08,644,13.8,485,443.2
885,29-08-2021,19:29:08,640,13.7,483,440.4
886,29-08-2021,19:59:08,637,13.7,484,441.8
887,29-08-2021,20:29:08,633,13.6,484,441.8
888,29-08-2021,20:59:08,630,13.5,484,441.8
889,29-08-2021,21:29:08,627,13.5,482,439
890,29-08-2021,21:59:08,625,13.4,480,436.1
891,29-08-2021,22:29:08,623,13.4,480,436.1
892,29-08-2021,22:59:08,622,13.3,478,433.3
893,29-08-2021,23:29:08,619,13.3,477,431.9
894,29-08-2021,23:59:08,616,13.2,477,431.9
895,30-08-2021,00:29:08,614,13.2,478,433.3
896,30-08-2021,00:59:08,613,13.2,477,431.9
897,30-08-2021,01:29:08,612,13.1,477,431.9
898,30-08-2021,01:59:08,612,13.1,476,430.5
899,30-08-2021,02:29:08,610,13.1,475,429.1
900,30-08-2021,02:59:08,607,13,473,426.3
901,30-08-2021,03:29:08,605,13,471,423.5
902,30-08-2021,03:59:08,604,13,471,423.5
903,30-08-2021,04:29:08,602,12.9,470,422.1
904,30-08-2021,04:59:08,602,12.9,469,420.7
905,30-08-2021,05:29:08,599,12.9,470,422.1
906,30-08-2021,05:59:08,597,12.8,472,424.9
907,30-08-2021,06:29:08,595,12.8,473,426.3
908,30-08-2021,06:59:08,596,12.8,476,430.5
909,30-08-2021,07:29:08,596,12.8,480,436.1
910,30-08-2021,07:59:08,595,12.8,486,444.6
911,30-08-2021,08:29:08,602,12.9,493,454.4
912,30-08-2021,08:59:08,603,12.9,499,462.9
913,30-08-2021,09:29:08,602,12.9,506,472.7
914,30-08-2021,09:59:08,602,12.9,515,485.3
915,30-08-2021,10:29:08,603,12.9,525,499.4
916,30-08-2021,10:59:08,609,13.1,530,506.4
917,30-08-2021,11:29:08,611,13.1,536,514.8
918,30-08-2021,11:59:08,615,13.2,541,521.8
919,30-08-2021,12:29:08,618,13.3,544,526.1
920,30-08-2021,12:59:08,621,13.3,546,528.9
921,30-08-2021,13:29:08,626,13.4,547,530.3
922,30-08-2021,13:59:08,628,13.5,548,531.7
923,30-08-2021,14:29:08,626,13.4,549,533.1
924,30-08-2021,14:59:08,626,13.4,551,535.9
925,30-08-2021,15:29:08,626,13.4,548,531.7
926,30-08-2021,15:59:08,626,13.4,549,533.1
927,30-08-2021,16:29:08,626,13.4,550,534.5
928,30-08-2021,16:59:08,626,13.4,552,537.3
929,30-08-2021,17:29:08,624,13.4,552,537.3
930,30-08-2021,17:59:08,621,13.3,553,538.7
931,30-08-2021,18:29:08,620,13.3,555,541.5
932,30-08-2021,18:59:08,621,13.3,556,542.9
933,30-08-2021,19:29:08,624,13.4,555,541.5
934,30-08-2021,19:59:08,623,13.4,556,542.9
935,30-08-2021,20:29:08,621,13.3,556,542.9
936,30-08-2021,20:59:08,622,13.3,557,544.3
937,30-08-2021,21:29:08,622,13.3,559,547.1
938,30-08-2021,21:59:08,624,13.4,561,549.9
939,30-08-2021,22:29:08,625,13.4,565,555.5
940,30-08-2021,22:59:08,627,13.5,572,565.3
941,30-08-2021,23:29:08,629,13.5,580,576.6
942,30-08-2021,23:59:08,630,13.5,588,587.8
943,31-08-2021,00:29:08,631,13.5,593,594.8
944,31-08-2021,00:59:08,632,13.6,601,606
945,31-08-2021,01:29:08,633,13.6,607,614.4
946,31-08-2021,01:59:08,635,13.6,611,620
947,31-08-2021,02:29:08,638,13.7,613,622.8
948,31-08-2021,02:59:08,641,13.8,615,625.6
949,31-08-2021,03:29:08,641,13.8,616,627
950,31-08-2021,03:59:08,642,13.8,614,624.2
951,31-08-2021,04:29:08,642,13.8,617,628.4
952,31-08-2021,04:59:08,640,13.7,620,632.6
953,31-08-2021,05:29:08,642,13.8,624,638.2
954,31-08-2021,05:59:08,640,13.7,628,643.8
955,31-08-2021,06:29:08,639,13.7,633,650.8
956,31-08-2021,06:59:08,640,13.7,639,659.2
957,31-08-2021,07:29:08,642,13.8,645,667.6
958,31-08-2021,07:59:08,642,13.8,650,674.6
959,31-08-2021,08:29:08,645,13.8,655,681.6
960,31-08-2021,08:59:08,650,13.9,660,688.6
961,31-08-2021,09:29:08,655,14.1,668,699.8
962,31-08-2021,09:59:08,658,14.1,678,713.8
963,31-08-2021,10:29:08,664,14.2,685,723.5
964,31-08-2021,10:59:08,666,14.3,692,733.3
965,31-08-2021,11:29:08,668,14.3,702,747.3
966,31-08-2021,11:59:08,669,14.3,707,754.3
967,31-08-2021,12:29:08,672,14.4,712,761.3
968,31-08-2021,12:59:08,676,14.5,728,783.6
969,31-08-2021,13:29:08,682,14.6,744,805.9
970,31-08-2021,13:59:08,684,14.7,733,790.6
971,31-08-2021,14:29:08,687,14.7,726,780.8
972,31-08-2021,14:59:08,687,14.7,727,782.2
973,31-08-2021,15:29:08,688,14.8,733,790.6
974,31-08-2021,15:59:08,688,14.8,736,794.8
975,31-08-2021,16:29:08,688,14.8,735,793.4
976,31-08-2021,16:59:08,688,14.8,736,794.8
977,31-08-2021,17:29:08,688,14.8,736,794.8
978,31-08-2021,17:59:08,687,14.7,735,793.4
979,31-08-2021,18:29:08,687,14.7,735,793.4
980,31-08-2021,18:59:08,688,14.8,734,792
981,31-08-2021,19:29:08,688,14.8,735,793.4
982,31-08-2021,19:59:08,688,14.8,737,796.2
983,31-08-2021,20:29:08,689,14.8,738,797.6
984,31-08-2021,20:59:08,689,14.8,740,800.4
985,31-08-2021,21:29:08,689,14.8,742,803.1
986,31-08-2021,21:59:08,689,14.8,742,803.1
987,31-08-2021,22:29:08,689,14.8,742,803.1
988,31-08-2021,22:59:08,688,14.8,746,808.7
989,31-08-2021,23:29:08,688,14.8,750,814.3
990,31-08-2021,23:59:08,688,14.8,750,814.3
991,01-09-2021,00:29:08,687,14.7,754,819.9
992,01-09-2021,00:59:08,688,14.8,754,819.9
993,01-09-2021,01:29:08,687,14.7,756,822.7
994,01-09-2021,01:59:08,686,14.7,756,822.7
995,01-09-2021,02:29:08,686,14.7,753,818.5
996,01-09-2021,02:59:08,686,14.7,756,822.7
997,01-09-2021,03:29:08,684,14.7,757,824.1
998,01-09-2021,03:59:08,683,14.6,758,825.5
999,01-09-2021,04:29:08,683,14.6,757,824.1
1000,01-09-2021,04:59:08,683,14.6,759,826.9
1001,01-09-2021,05:29:08,682,14.6,759,826.9
1002,01-09-2021,05:59:08,681,14.6,762,831.1
1003,01-09-2021,06:29:08,682,14.6,763,832.4
1004,01-09-2021,06:59:08,681,14.6,764,833.8
1005,01-09-2021,07:29:08,681,14.6,762,831.1
1006,01-09-2021,07:59:08,682,14.6,764,833.8
1007,01-09-2021,08:29:08,684,14.7,763,832.4
1008,01-09-2021,08:59:08,688,14.8,764,833.8
1009,01-09-2021,09:29:08,690,14.8,765,835.2
1010,01-09-2021,09:59:08,695,14.9,766,836.6
1011,01-09-2021,10:29:08,700,15,768,839.4
1012,01-09-2021,10:59:08,704,15.1,768,839.4
1013,01-09-2021,11:29:08,706,15.1,768,839.4
1014,01-09-2021,11:59:08,709,15.2,768,839.4
1015,01-09-2021,12:29:08,711,15.2,769,840.8
1016,01-09-2021,12:59:08,715,15.3,768,839.4
1017,01-09-2021,13:29:08,717,15.4,767,838
1018,01-09-2021,13:59:08,719,15.4,767,838
1019,01-09-2021,14:29:08,718,15.4,768,839.4
1020,01-09-2021,14:59:08,719,15.4,766,836.6
1021,01-09-2021,15:29:08,720,15.4,770,842.2
1022,01-09-2021,15:59:08,719,15.4,768,839.4
1023,01-09-2021,16:29:08,719,15.4,768,839.4
1024,01-09-2021,16:59:08,718,15.4,767,838
1025,01-09-2021,17:29:08,717,15.4,766,836.6
1026,01-09-2021,17:59:08,717,15.4,767,838
1027,01-09-2021,18:29:08,717,15.4,765,835.2
1028,01-09-2021,18:59:08,717,15.4,767,838
1029,01-09-2021,19:29:08,717,15.4,766,836.6
1030,01-09-2021,19:59:08,716,15.4,764,833.8
1031,01-09-2021,20:29:08,715,15.3,764,833.8
1032,01-09-2021,20:59:08,714,15.3,765,835.2
1033,01-09-2021,21:29:08,714,15.3,766,836.6
1034,01-09-2021,21:59:08,713,15.3,764,833.8
1035,01-09-2021,22:29:08,712,15.3,765,835.2
1036,01-09-2021,22:59:08,711,15.2,764,833.8
1037,01-09-2021,23:29:08,709,15.2,762,831.1
1038,01-09-2021,23:59:08,707,15.2,761,829.7
1039,02-09-2021,00:29:08,705,15.1,758,825.5
1040,02-09-2021,00:59:08,705,15.1,756,822.7
1041,02-09-2021,01:29:08,702,15.1,751,815.7
1042,02-09-2021,01:59:08,700,15,750,814.3
1043,02-09-2021,02:29:08,698,15,748,811.5
1044,02-09-2021,02:59:08,696,14.9,746,808.7
1045,02-09-2021,03:29:08,694,14.9,744,805.9
1046,02-09-2021,03:59:08,691,14.8,742,803.1
1047,02-09-2021,04:29:08,688,14.8,739,799
1048,02-09-2021,04:59:08,685,14.7,736,794.8
1049,02-09-2021,05:29:08,683,14.6,733,790.6
1050,02-09-2021,05:59:08,681,14.6,733,790.6
1051,02-09-2021,06:29:08,682,14.6,731,787.8
1052,02-09-2021,06:59:08,682,14.6,730,786.4
1053,02-09-2021,07:29:08,683,14.6,727,782.2
1054,02-09-2021,07:59:08,685,14.7,726,780.8
1055,02-09-2021,08:29:08,687,14.7,723,776.6
1056,02-09-2021,08:59:08,692,14.8,719,771
1057,02-09-2021,09:29:08,695,14.9,716,766.8
1058,02-09-2021,09:59:08,699,15,711,759.9
1059,02-09-2021,10:29:08,704,15.1,710,758.5
1060,02-09-2021,10:59:08,708,15.2,706,752.9
1061,02-09-2021,11:29:08,714,15.3,704,750.1
1062,02-09-2021,11:59:08,717,15.4,698,741.7
1063,02-09-2021,12:29:08,720,15.4,694,736.1
1064,02-09-2021,12:59:08,720,15.4,691,731.9
1065,02-09-2021,13:29:08,720,15.4,686,724.9
1066,02-09-2021,13:59:08,721,15.5,680,716.5
1067,02-09-2021,14:29:08,721,15.5,674,708.2
1068,02-09-2021,14:59:08,720,15.4,672,705.4
1069,02-09-2021,15:29:08,720,15.4,669,701.2