1,11-08-2021,08:59:28,803,17.2,225,-15.6
2,11-08-2021,09:29:28,694,14.8,402,223.6
3,11-08-2021,09:59:28,709,15.2,402,223.6
4,11-08-2021,10:29:28,715,15.3,403,225
5,11-08-2021,10:59:28,720,15.4,403,225
6,11-08-2021,11:29:28,722,15.4,404,226.3
7,11-08-2021,11:59:28,725,15.5,403,225
8,11-08-2021,12:29:28,735,15.7,403,225
9,11-08-2021,12:59:28,746,16,404,226.3
10,11-08-2021,13:29:28,756,16.2,404,226.3
11,11-08-2021,13:59:28,761,16.3,404,226.3
12,11-08-2021,14:29:28,763,16.3,403,225
13,11-08-2021,14:59:28,766,16.4,402,223.6
14,11-08-2021,15:29:28,769,16.5,401,222.3
15,11-08-2021,15:59:28,766,16.4,400,220.9
16,11-08-2021,16:29:28,763,16.3,399,219.6
17,11-08-2021,16:59:28,755,16.2,397,216.9
18,11-08-2021,17:29:28,747,16,395,214.2
19,11-08-2021,17:59:28,742,15.9,397,216.9
20,11-08-2021,18:29:28,733,15.7,396,215.5
21,11-08-2021,18:59:28,724,15.5,395,214.2
22,11-08-2021,19:29:28,715,15.3,395,214.2
23,11-08-2021,19:59:28,709,15.2,394,212.8
24,11-08-2021,20:29:28,705,15.1,394,212.8
25,11-08-2021,20:59:28,700,15,394,212.8
26,11-08-2021,21:29:28,694,14.8,393,211.5
27,11-08-2021,21:59:28,688,14.7,393,211.5
28,11-08-2021,22:29:28,683,14.6,393,211.5
29,11-08-2021,22:59:28,679,14.5,393,211.5
30,11-08-2021,23:29:28,675,14.4,393,211.5
31,11-08-2021,23:59:28,672,14.4,393,211.5
32,12-08-2021,00:29:28,667,14.3,392,210.1
33,12-08-2021,00:59:28,664,14.2,392,210.1
34,12-08-2021,01:29:28,662,14.2,392,210.1
35,12-08-2021,01:59:28,656,14,392,210.1
36,12-08-2021,02:29:28,651,13.9,391,208.8
37,12-08-2021,02:59:28,647,13.8,391,208.8
38,12-08-2021,03:29:28,641,13.7,391,208.8
39,12-08-2021,03:59:28,638,13.7,390,207.4
40,12-08-2021,04:29:28,633,13.5,389,206.1
41,12-08-2021,04:59:28,628,13.4,388,204.7
42,12-08-2021,05:29:28,625,13.4,389,206.1
43,12-08-2021,05:59:28,624,13.4,390,207.4
44,12-08-2021,06:29:28,625,13.4,392,210.1
45,12-08-2021,06:59:28,627,13.4,393,211.5
46,12-08-2021,07:29:28,630,13.5,393,211.5
47,12-08-2021,07:59:28,635,13.6,394,212.8
48,12-08-2021,08:29:28,641,13.7,395,214.2
49,12-08-2021,08:59:28,654,14,398,218.2
50,12-08-2021,09:29:28,662,14.2,399,219.6
51,12-08-2021,09:59:28,669,14.3,399,219.6
52,12-08-2021,10:29:28,682,14.6,400,220.9
53,12-08-2021,10:59:28,692,14.8,400,220.9
54,12-08-2021,11:29:28,703,15,400,220.9
55,12-08-2021,11:59:28,709,15.2,402,223.6
56,12-08-2021,12:29:28,719,15.4,401,222.3
57,12-08-2021,12:59:28,728,15.6,401,222.3
58,12-08-2021,13:29:28,734,15.7,401,222.3
59,12-08-2021,13:59:28,743,15.9,400,220.9
60,12-08-2021,14:29:28,751,16.1,399,219.6
61,12-08-2021,14:59:28,751,16.1,398,218.2
62,12-08-2021,15:29:28,745,15.9,396,215.5
63,12-08-2021,15:59:28,741,15.9,395,214.2
64,12-08-2021,16:29:28,736,15.7,394,212.8
65,12-08-2021,16:59:28,731,15.6,394,212.8
66,12-08-2021,17:29:28,722,15.4,392,210.1
67,12-08-2021,17:59:28,714,15.3,391,208.8
68,12-08-2021,18:29:28,707,15.1,390,207.4
69,12-08-2021,18:59:28,702,15,390,207.4
70,12-08-2021,19:29:28,698,14.9,389,206.1
71,12-08-2021,19:59:28,691,14.8,388,204.7
72,12-08-2021,20:29:28,685,14.7,388,204.7
73,12-08-2021,20:59:28,682,14.6,389,206.1
74,12-08-2021,21:29:28,677,14.5,389,206.1
75,12-08-2021,21:59:28,670,14.3,390,207.4
76,12-08-2021,22:29:28,666,14.2,390,207.4
77,12-08-2021,22:59:28,665,14.2,389,206.1
78,12-08-2021,23:29:28,664,14.2,389,206.1
79,12-08-2021,23:59:28,662,14.2,388,204.7
80,13-08-2021,00:29:28,660,14.1,387,203.4
81,13-08-2021,00:59:28,656,14,385,200.7
82,13-08-2021,01:29:28,650,13.9,385,200.7
83,13-08-2021,01:59:28,648,13.9,384,199.3
84,13-08-2021,02:29:28,643,13.8,382,196.6
85,13-08-2021,02:59:28,637,13.6,383,198
86,13-08-2021,03:29:28,633,13.5,383,198
87,13-08-2021,03:59:28,627,13.4,383,198
88,13-08-2021,04:29:28,624,13.4,382,196.6
89,13-08-2021,04:59:28,622,13.3,384,199.3
90,13-08-2021,05:29:28,621,13.3,385,200.7
91,13-08-2021,05:59:28,620,13.3,387,203.4
92,13-08-2021,06:29:28,621,13.3,388,204.7
93,13-08-2021,06:59:28,622,13.3,390,207.4
94,13-08-2021,07:29:28,624,13.4,391,208.8
95,13-08-2021,07:59:28,629,13.5,391,208.8
96,13-08-2021,08:29:28,635,13.6,392,210.1
97,13-08-2021,08:59:28,648,13.9,395,214.2
98,13-08-2021,09:29:28,657,14.1,396,215.5
99,13-08-2021,09:59:28,671,14.4,395,214.2
100,13-08-2021,10:29:28,680,14.5,396,215.5
101,13-08-2021,10:59:28,690,14.8,396,215.5
102,13-08-2021,11:29:28,705,15.1,397,216.9
103,13-08-2021,11:59:28,707,15.1,397,216.9
104,13-08-2021,12:29:28,707,15.1,397,216.9
105,13-08-2021,12:59:28,713,15.3,398,218.2
106,13-08-2021,13:29:28,720,15.4,399,219.6
107,13-08-2021,13:59:28,728,15.6,402,223.6
108,13-08-2021,14:29:28,732,15.7,403,225
109,13-08-2021,14:59:28,735,15.7,402,223.6
110,13-08-2021,15:29:28,738,15.8,401,222.3
111,13-08-2021,15:59:28,742,15.9,400,220.9
112,13-08-2021,16:29:28,751,16.1,400,220.9
113,13-08-2021,16:59:28,744,15.9,399,219.6
114,13-08-2021,17:29:28,735,15.7,396,215.5
115,13-08-2021,17:59:28,730,15.6,394,212.8
116,13-08-2021,18:29:28,724,15.5,393,211.5
117,13-08-2021,18:59:28,719,15.4,394,212.8
118,13-08-2021,19:29:28,717,15.3,394,212.8
119,13-08-2021,19:59:28,710,15.2,393,211.5
120,13-08-2021,20:29:28,705,15.1,392,210.1
121,13-08-2021,20:59:28,704,15.1,392,210.1
122,13-08-2021,21:29:28,707,15.1,391,208.8
123,13-08-2021,21:59:28,703,15,392,210.1
124,13-08-2021,22:29:28,697,14.9,391,208.8
125,13-08-2021,22:59:28,696,14.9,391,208.8
126,13-08-2021,23:29:28,692,14.8,391,208.8
127,13-08-2021,23:59:28,690,14.8,389,206.1
128,14-08-2021,00:29:28,688,14.7,388,204.7
129,14-08-2021,00:59:28,687,14.7,388,204.7
130,14-08-2021,01:29:28,686,14.7,389,206.1
131,14-08-2021,01:59:28,685,14.7,390,207.4
132,14-08-2021,02:29:28,683,14.6,389,206.1
133,14-08-2021,02:59:28,681,14.6,389,206.1
134,14-08-2021,03:29:28,680,14.5,388,204.7
135,14-08-2021,03:59:28,678,14.5,387,203.4
136,14-08-2021,04:29:28,675,14.4,387,203.4
137,14-08-2021,04:59:28,672,14.4,388,204.7
138,14-08-2021,05:29:28,672,14.4,390,207.4
139,14-08-2021,05:59:28,670,14.3,390,207.4
140,14-08-2021,06:29:28,670,14.3,393,211.5
141,14-08-2021,06:59:28,672,14.4,393,211.5
142,14-08-2021,07:29:28,675,14.4,393,211.5
143,14-08-2021,07:59:28,679,14.5,393,211.5
144,14-08-2021,08:29:28,684,14.6,393,211.5
145,14-08-2021,08:59:28,696,14.9,395,214.2
146,14-08-2021,09:29:28,708,15.1,395,214.2
147,14-08-2021,09:59:28,715,15.3,396,215.5
148,14-08-2021,10:29:28,722,15.4,398,218.2
149,14-08-2021,10:59:28,730,15.6,400,220.9
150,14-08-2021,11:29:28,738,15.8,401,222.3
151,14-08-2021,11:59:28,748,16,402,223.6
152,14-08-2021,12:29:28,756,16.2,402,223.6
153,14-08-2021,12:59:28,769,16.5,403,225
154,14-08-2021,13:29:28,781,16.7,403,225
155,14-08-2021,13:59:28,784,16.8,401,222.3
156,14-08-2021,14:29:28,787,16.8,401,222.3
157,14-08-2021,14:59:28,788,16.9,400,220.9
158,14-08-2021,15:29:28,787,16.8,400,220.9
159,14-08-2021,15:59:28,785,16.8,399,219.6
160,14-08-2021,16:29:28,781,16.7,397,216.9
161,14-08-2021,16:59:28,775,16.6,397,216.9
162,14-08-2021,17:29:28,770,16.5,395,214.2
163,14-08-2021,17:59:28,761,16.3,394,212.8
164,14-08-2021,18:29:28,754,16.1,393,211.5
165,14-08-2021,18:59:28,750,16,393,211.5
166,14-08-2021,19:29:28,745,15.9,391,208.8
167,14-08-2021,19:59:28,738,15.8,391,208.8
168,14-08-2021,20:29:28,734,15.7,390,207.4
169,14-08-2021,20:59:28,732,15.7,388,204.7
170,14-08-2021,21:29:28,728,15.6,388,204.7
171,14-08-2021,21:59:28,723,15.5,389,206.1
172,14-08-2021,22:29:28,719,15.4,388,204.7
173,14-08-2021,22:59:28,719,15.4,388,204.7
174,14-08-2021,23:29:28,716,15.3,388,204.7
175,14-08-2021,23:59:28,713,15.3,389,206.1
176,15-08-2021,00:29:28,711,15.2,388,204.7
177,15-08-2021,00:59:28,707,15.1,389,206.1
178,15-08-2021,01:29:28,703,15,389,206.1
179,15-08-2021,01:59:28,700,15,388,204.7
180,15-08-2021,02:29:28,699,15,388,204.7
181,15-08-2021,02:59:28,695,14.9,387,203.4
182,15-08-2021,03:29:28,690,14.8,387,203.4
183,15-08-2021,03:59:28,686,14.7,386,202
184,15-08-2021,04:29:28,683,14.6,387,203.4
185,15-08-2021,04:59:28,680,14.5,387,203.4
186,15-08-2021,05:29:28,680,14.5,388,204.7
187,15-08-2021,05:59:28,678,14.5,388,204.7
188,15-08-2021,06:29:28,677,14.5,389,206.1
189,15-08-2021,06:59:28,677,14.5,389,206.1
190,15-08-2021,07:29:28,679,14.5,389,206.1
191,15-08-2021,07:59:28,684,14.6,391,208.8
192,15-08-2021,08:29:28,689,14.7,391,208.8
193,15-08-2021,08:59:28,695,14.9,393,211.5
194,15-08-2021,09:29:28,705,15.1,394,212.8
195,15-08-2021,09:59:28,714,15.3,394,212.8
196,15-08-2021,10:29:28,721,15.4,395,214.2
197,15-08-2021,10:59:28,729,15.6,396,215.5
198,15-08-2021,11:29:28,739,15.8,398,218.2
199,15-08-2021,11:59:28,750,16,400,220.9
200,15-08-2021,12:29:28,758,16.2,400,220.9
201,15-08-2021,12:59:28,766,16.4,400,220.9
202,15-08-2021,13:29:28,771,16.5,400,220.9
203,15-08-2021,13:59:28,777,16.6,400,220.9
204,15-08-2021,14:29:28,784,16.8,399,219.6
205,15-08-2021,14:59:28,784,16.8,397,216.9
206,15-08-2021,15:29:28,781,16.7,397,216.9
207,15-08-2021,15:59:28,778,16.6,395,214.2
208,15-08-2021,16:29:28,773,16.5,396,215.5
209,15-08-2021,16:59:28,767,16.4,395,214.2
210,15-08-2021,17:29:28,760,16.3,394,212.8
211,15-08-2021,17:59:28,753,16.1,392,210.1
212,15-08-2021,18:29:28,747,16,390,207.4
213,15-08-2021,18:59:28,742,15.9,390,207.4
214,15-08-2021,19:29:28,737,15.8,390,207.4
215,15-08-2021,19:59:28,732,15.7,389,206.1
216,15-08-2021,20:29:28,727,15.6,389,206.1
217,15-08-2021,20:59:28,723,15.5,389,206.1
218,15-08-2021,21:29:28,720,15.4,387,203.4
219,15-08-2021,21:59:28,718,15.4,386,202
220,15-08-2021,22:29:28,715,15.3,387,203.4
221,15-08-2021,22:59:28,712,15.2,388,204.7
222,15-08-2021,23:29:28,710,15.2,389,206.1
223,15-08-2021,23:59:28,707,15.1,389,206.1
224,16-08-2021,00:29:28,705,15.1,389,206.1
225,16-08-2021,00:59:28,704,15.1,389,206.1
226,16-08-2021,01:29:28,705,15.1,390,207.4
227,16-08-2021,01:59:28,704,15.1,389,206.1
228,16-08-2021,02:29:28,703,15,387,203.4
229,16-08-2021,02:59:28,701,15,386,202
230,16-08-2021,03:29:28,701,15,385,200.7
231,16-08-2021,03:59:28,701,15,386,202
232,16-08-2021,04:29:28,699,15,387,203.4
233,16-08-2021,04:59:28,695,14.9,388,204.7
234,16-08-2021,05:29:28,693,14.8,388,204.7
235,16-08-2021,05:59:28,690,14.8,389,206.1
236,16-08-2021,06:29:28,689,14.7,390,207.4
237,16-08-2021,06:59:28,689,14.7,391,208.8
238,16-08-2021,07:29:28,691,14.8,391,208.8
239,16-08-2021,07:59:28,695,14.9,393,211.5
240,16-08-2021,08:29:28,703,15,396,215.5
241,16-08-2021,08:59:28,711,15.2,398,218.2
242,16-08-2021,09:29:28,721,15.4,398,218.2
243,16-08-2021,09:59:28,730,15.6,398,218.2
244,16-08-2021,10:29:28,744,15.9,400,220.9
245,16-08-2021,10:59:28,756,16.2,401,222.3
246,16-08-2021,11:29:28,763,16.3,401,222.3
247,16-08-2021,11:59:28,769,16.5,401,222.3
248,16-08-2021,12:29:28,779,16.7,401,222.3
249,16-08-2021,12:59:28,794,17,402,223.6
250,16-08-2021,13:29:28,798,17.1,402,223.6
251,16-08-2021,13:59:28,799,17.1,402,223.6
252,16-08-2021,14:29:28,799,17.1,402,223.6
253,16-08-2021,14:59:28,798,17.1,400,220.9
254,16-08-2021,15:29:28,797,17.1,400,220.9
255,16-08-2021,15:59:28,794,17,401,222.3
256,16-08-2021,16:29:28,793,17,400,220.9
257,16-08-2021,16:59:28,790,16.9,400,220.9
258,16-08-2021,17:29:28,782,16.7,399,219.6
259,16-08-2021,17:59:28,773,16.5,397,216.9
260,16-08-2021,18:29:28,767,16.4,399,219.6
261,16-08-2021,18:59:28,759,16.2,398,218.2
262,16-08-2021,19:29:28,757,16.2,398,218.2
263,16-08-2021,19:59:28,757,16.2,398,218.2
264,16-08-2021,20:29:28,754,16.1,398,218.2
265,16-08-2021,20:59:28,756,16.2,399,219.6
266,16-08-2021,21:29:28,756,16.2,399,219.6
267,16-08-2021,21:59:28,755,16.2,398,218.2
268,16-08-2021,22:29:28,752,16.1,397,216.9
269,16-08-2021,22:59:28,749,16,397,216.9
270,16-08-2021,23:29:28,745,15.9,397,216.9
271,16-08-2021,23:59:28,741,15.9,399,219.6
272,17-08-2021,00:29:28,739,15.8,402,223.6
273,17-08-2021,00:59:28,743,15.9,403,225
274,17-08-2021,01:29:28,742,15.9,404,226.3
275,17-08-2021,01:59:28,738,15.8,413,238.5
276,17-08-2021,02:29:28,731,15.6,413,238.5
277,17-08-2021,02:59:28,725,15.5,414,239.9
278,17-08-2021,03:29:28,719,15.4,415,241.2
279,17-08-2021,03:59:28,717,15.3,415,241.2
280,17-08-2021,04:29:28,714,15.3,418,245.3
281,17-08-2021,04:59:28,711,15.2,421,249.3
282,17-08-2021,05:29:28,707,15.1,423,252
283,17-08-2021,05:59:28,704,15.1,426,256.1
284,17-08-2021,06:29:28,705,15.1,427,257.4
285,17-08-2021,06:59:28,704,15.1,428,258.8
286,17-08-2021,07:29:28,701,15,429,260.1
287,17-08-2021,07:59:28,699,15,429,260.1
288,17-08-2021,08:29:28,701,15,429,260.1
289,17-08-2021,08:59:28,703,15,431,262.8
290,17-08-2021,09:29:28,707,15.1,431,262.8
291,17-08-2021,09:59:28,708,15.1,431,262.8
292,17-08-2021,10:29:28,707,15.1,430,261.5
293,17-08-2021,10:59:28,709,15.2,431,262.8
294,17-08-2021,11:29:28,711,15.2,432,264.2
295,17-08-2021,11:59:28,716,15.3,431,262.8
296,17-08-2021,12:29:28,723,15.5,432,264.2
297,17-08-2021,12:59:28,726,15.5,432,264.2
298,17-08-2021,13:29:28,731,15.6,432,264.2
299,17-08-2021,13:59:28,734,15.7,433,265.5
300,17-08-2021,14:29:28,735,15.7,432,264.2
301,17-08-2021,14:59:28,736,15.7,431,262.8
302,17-08-2021,15:29:28,737,15.8,431,262.8
303,17-08-2021,15:59:28,736,15.7,430,261.5
304,17-08-2021,16:29:28,732,15.7,429,260.1
305,17-08-2021,16:59:28,728,15.6,427,257.4
306,17-08-2021,17:29:28,725,15.5,426,256.1
307,17-08-2021,17:59:28,724,15.5,425,254.7
308,17-08-2021,18:29:28,719,15.4,424,253.4
309,17-08-2021,18:59:28,715,15.3,421,249.3
310,17-08-2021,19:29:28,710,15.2,420,248
311,17-08-2021,19:59:28,708,15.1,420,248
312,17-08-2021,20:29:28,708,15.1,418,245.3
313,17-08-2021,20:59:28,705,15.1,418,245.3
314,17-08-2021,21:29:28,702,15,418,245.3
315,17-08-2021,21:59:28,700,15,417,243.9
316,17-08-2021,22:29:28,694,14.8,415,241.2
317,17-08-2021,22:59:28,691,14.8,413,238.5
318,17-08-2021,23:29:28,688,14.7,412,237.2
319,17-08-2021,23:59:28,684,14.6,411,235.8
320,18-08-2021,00:29:28,680,14.5,410,234.5
321,18-08-2021,00:59:28,676,14.5,412,237.2
322,18-08-2021,01:29:28,673,14.4,412,237.2
323,18-08-2021,01:59:28,673,14.4,410,234.5
324,18-08-2021,02:29:28,669,14.3,411,235.8
325,18-08-2021,02:59:28,667,14.3,410,234.5
326,18-08-2021,03:29:28,664,14.2,409,233.1
327,18-08-2021,03:59:28,662,14.2,408,231.7
328,18-08-2021,04:29:28,659,14.1,407,230.4
329,18-08-2021,04:59:28,657,14.1,407,230.4
330,18-08-2021,05:29:28,656,14,405,227.7
331,18-08-2021,05:59:28,653,14,406,229
332,18-08-2021,06:29:28,652,14,406,229
333,18-08-2021,06:59:28,651,13.9,406,229
334,18-08-2021,07:29:28,654,14,406,229
335,18-08-2021,07:59:28,658,14.1,405,227.7
336,18-08-2021,08:29:28,664,14.2,405,227.7
337,18-08-2021,08:59:28,669,14.3,406,229
338,18-08-2021,09:29:28,673,14.4,405,227.7
339,18-08-2021,09:59:28,678,14.5,405,227.7
340,18-08-2021,10:29:28,683,14.6,406,229
341,18-08-2021,10:59:28,689,14.7,405,227.7
342,18-08-2021,11:29:28,695,14.9,406,229
343,18-08-2021,11:59:28,701,15,408,231.7
344,18-08-2021,12:29:28,709,15.2,407,230.4
345,18-08-2021,12:59:28,715,15.3,408,231.7
346,18-08-2021,13:29:28,720,15.4,408,231.7
347,18-08-2021,13:59:28,723,15.5,409,233.1
348,18-08-2021,14:29:28,726,15.5,408,231.7
349,18-08-2021,14:59:28,725,15.5,407,230.4
350,18-08-2021,15:29:28,725,15.5,408,231.7
351,18-08-2021,15:59:28,730,15.6,407,230.4
352,18-08-2021,16:29:28,727,15.6,407,230.4
353,18-08-2021,16:59:28,720,15.4,407,230.4
354,18-08-2021,17:29:28,714,15.3,405,227.7
355,18-08-2021,17:59:28,712,15.2,404,226.3
356,18-08-2021,18:29:28,705,15.1,402,223.6
357,18-08-2021,18:59:28,700,15,401,222.3
358,18-08-2021,19:29:28,696,14.9,401,222.3
359,18-08-2021,19:59:28,689,14.7,401,222.3
360,18-08-2021,20:29:28,680,14.5,399,219.6
361,18-08-2021,20:59:28,675,14.4,398,218.2
362,18-08-2021,21:29:28,672,14.4,398,218.2
363,18-08-2021,21:59:28,671,14.4,398,218.2
364,18-08-2021,22:29:28,671,14.4,398,218.2
365,18-08-2021,22:59:28,668,14.3,398,218.2
366,18-08-2021,23:29:28,665,14.2,398,218.2
367,18-08-2021,23:59:28,664,14.2,398,218.2
368,19-08-2021,00:29:28,664,14.2,397,216.9
369,19-08-2021,00:59:28,663,14.2,398,218.2
370,19-08-2021,01:29:28,659,14.1,398,218.2
371,19-08-2021,01:59:28,658,14.1,397,216.9
372,19-08-2021,02:29:28,656,14,395,214.2
373,19-08-2021,02:59:28,654,14,395,214.2
374,19-08-2021,03:29:28,651,13.9,393,211.5
375,19-08-2021,03:59:28,647,13.8,393,211.5
376,19-08-2021,04:29:28,645,13.8,393,211.5
377,19-08-2021,04:59:28,643,13.8,394,212.8
378,19-08-2021,05:29:28,642,13.7,395,214.2
379,19-08-2021,05:59:28,642,13.7,396,215.5
380,19-08-2021,06:29:28,646,13.8,397,216.9
381,19-08-2021,06:59:28,651,13.9,398,218.2
382,19-08-2021,07:29:28,654,14,398,218.2
383,19-08-2021,07:59:28,655,14,397,216.9
384,19-08-2021,08:29:28,660,14.1,397,216.9
385,19-08-2021,08:59:28,668,14.3,399,219.6
386,19-08-2021,09:29:28,680,14.5,399,219.6
387,19-08-2021,09:59:28,684,14.6,399,219.6
388,19-08-2021,10:29:28,689,14.7,399,219.6
389,19-08-2021,10:59:28,691,14.8,399,219.6
390,19-08-2021,11:29:28,696,14.9,399,219.6
391,19-08-2021,11:59:28,698,14.9,401,222.3
392,19-08-2021,12:29:28,702,15,400,220.9
393,19-08-2021,12:59:28,705,15.1,401,222.3
394,19-08-2021,13:29:28,705,15.1,402,223.6
395,19-08-2021,13:59:28,710,15.2,402,223.6
396,19-08-2021,14:29:28,712,15.2,402,223.6
397,19-08-2021,14:59:28,711,15.2,401,222.3
398,19-08-2021,15:29:28,715,15.3,400,220.9
399,19-08-2021,15:59:28,716,15.3,399,219.6
400,19-08-2021,16:29:28,712,15.2,398,218.2
401,19-08-2021,16:59:28,715,15.3,398,218.2
402,19-08-2021,17:29:28,709,15.2,398,218.2
403,19-08-2021,17:59:28,703,15,397,216.9
404,19-08-2021,18:29:28,701,15,396,215.5
405,19-08-2021,18:59:28,695,14.9,396,215.5
406,19-08-2021,19:29:28,695,14.9,396,215.5
407,19-08-2021,19:59:28,696,14.9,396,215.5
408,19-08-2021,20:29:28,693,14.8,396,215.5
409,19-08-2021,20:59:28,688,14.7,395,214.2
410,19-08-2021,21:29:28,687,14.7,394,212.8
411,19-08-2021,21:59:28,684,14.6,395,214.2
412,19-08-2021,22:29:28,682,14.6,394,212.8
413,19-08-2021,22:59:28,683,14.6,394,212.8
414,19-08-2021,23:29:28,683,14.6,393,211.5
415,19-08-2021,23:59:28,681,14.6,393,211.5
416,20-08-2021,00:29:28,681,14.6,392,210.1
417,20-08-2021,00:59:28,681,14.6,391,208.8
418,20-08-2021,01:29:28,681,14.6,392,210.1
419,20-08-2021,01:59:28,678,14.5,392,210.1
420,20-08-2021,02:29:28,675,14.4,392,210.1
421,20-08-2021,02:59:28,673,14.4,390,207.4
422,20-08-2021,03:29:28,672,14.4,389,206.1
423,20-08-2021,03:59:28,672,14.4,390,207.4
424,20-08-2021,04:29:28,668,14.3,390,207.4
425,20-08-2021,04:59:28,665,14.2,389,206.1
426,20-08-2021,05:29:28,664,14.2,390,207.4
427,20-08-2021,05:59:28,661,14.1,392,210.1
428,20-08-2021,06:29:28,660,14.1,395,214.2
429,20-08-2021,06:59:28,661,14.1,397,216.9
430,20-08-2021,07:29:28,662,14.2,398,218.2
431,20-08-2021,07:59:28,666,14.2,400,220.9
432,20-08-2021,08:29:28,672,14.4,400,220.9
433,20-08-2021,08:59:28,684,14.6,401,222.3
434,20-08-2021,09:29:28,690,14.8,402,223.6
435,20-08-2021,09:59:28,701,15,400,220.9
436,20-08-2021,10:29:28,707,15.1,401,222.3
437,20-08-2021,10:59:28,709,15.2,401,222.3
438,20-08-2021,11:29:28,714,15.3,401,222.3
439,20-08-2021,11:59:28,719,15.4,400,220.9
440,20-08-2021,12:29:28,723,15.5,402,223.6
441,20-08-2021,12:59:28,727,15.6,403,225
442,20-08-2021,13:29:28,731,15.6,403,225
443,20-08-2021,13:59:28,733,15.7,404,226.3
444,20-08-2021,14:29:28,736,15.7,404,226.3
445,20-08-2021,14:59:28,736,15.7,403,225
446,20-08-2021,15:29:28,740,15.8,401,222.3
447,20-08-2021,15:59:28,738,15.8,401,222.3
448,20-08-2021,16:29:28,733,15.7,400,220.9
449,20-08-2021,16:59:28,735,15.7,400,220.9
450,20-08-2021,17:29:28,731,15.6,400,220.9
451,20-08-2021,17:59:28,721,15.4,399,219.6
452,20-08-2021,18:29:28,717,15.3,399,219.6
453,20-08-2021,18:59:28,712,15.2,398,218.2
454,20-08-2021,19:29:28,707,15.1,398,218.2
455,20-08-2021,19:59:28,705,15.1,397,216.9
456,20-08-2021,20:29:28,703,15,397,216.9
457,20-08-2021,20:59:28,701,15,397,216.9
458,20-08-2021,21:29:28,697,14.9,397,216.9
459,20-08-2021,21:59:28,693,14.8,396,215.5
460,20-08-2021,22:29:28,691,14.8,394,212.8
461,20-08-2021,22:59:28,688,14.7,395,214.2
462,20-08-2021,23:29:28,686,14.7,395,214.2
463,20-08-2021,23:59:28,684,14.6,396,215.5
464,21-08-2021,00:29:28,680,14.5,395,214.2
465,21-08-2021,00:59:28,676,14.5,394,212.8
466,21-08-2021,01:29:28,674,14.4,395,214.2
467,21-08-2021,01:59:28,672,14.4,393,211.5
468,21-08-2021,02:29:28,668,14.3,393,211.5
469,21-08-2021,02:59:28,662,14.2,393,211.5
470,21-08-2021,03:29:28,660,14.1,393,211.5
471,21-08-2021,03:59:28,658,14.1,391,208.8
472,21-08-2021,04:29:28,654,14,391,208.8
473,21-08-2021,04:59:28,649,13.9,392,210.1
474,21-08-2021,05:29:28,647,13.8,391,208.8
475,21-08-2021,05:59:28,645,13.8,392,210.1
476,21-08-2021,06:29:28,645,13.8,392,210.1
477,21-08-2021,06:59:28,645,13.8,393,211.5
478,21-08-2021,07:29:28,647,13.8,394,212.8
479,21-08-2021,07:59:28,653,14,395,214.2
480,21-08-2021,08:29:28,659,14.1,398,218.2
481,21-08-2021,08:59:28,666,14.2,402,223.6
482,21-08-2021,09:29:28,676,14.5,402,223.6
483,21-08-2021,09:59:28,683,14.6,403,225
484,21-08-2021,10:29:28,690,14.8,405,227.7
485,21-08-2021,10:59:28,706,15.1,404,226.3
486,21-08-2021,11:29:28,717,15.3,403,225
487,21-08-2021,11:59:28,722,15.4,403,225
488,21-08-2021,12:29:28,731,15.6,404,226.3
489,21-08-2021,12:59:28,743,15.9,404,226.3
490,21-08-2021,13:29:28,738,15.8,405,227.7
491,21-08-2021,13:59:28,738,15.8,404,226.3
492,21-08-2021,14:29:28,740,15.8,404,226.3
493,21-08-2021,14:59:28,743,15.9,402,223.6
494,21-08-2021,15:29:28,743,15.9,403,225
495,21-08-2021,15:59:28,745,15.9,403,225
496,21-08-2021,16:29:28,737,15.8,402,223.6
497,21-08-2021,16:59:28,728,15.6,400,220.9
498,21-08-2021,17:29:28,721,15.4,398,218.2
499,21-08-2021,17:59:28,713,15.3,398,218.2
500,21-08-2021,18:29:28,707,15.1,401,222.3
501,21-08-2021,18:59:28,703,15,403,225
502,21-08-2021,19:29:28,699,15,401,222.3
503,21-08-2021,19:59:28,694,14.8,397,216.9
504,21-08-2021,20:29:28,691,14.8,395,214.2
505,21-08-2021,20:59:28,689,14.7,395,214.2
506,21-08-2021,21:29:28,684,14.6,394,212.8
507,21-08-2021,21:59:28,679,14.5,394,212.8
508,21-08-2021,22:29:28,676,14.5,396,215.5
509,21-08-2021,22:59:28,673,14.4,398,218.2
510,21-08-2021,23:29:28,672,14.4,398,218.2
511,21-08-2021,23:59:28,670,14.3,395,214.2
512,22-08-2021,00:29:28,666,14.2,392,210.1
513,22-08-2021,00:59:28,664,14.2,391,208.8
514,22-08-2021,01:29:28,663,14.2,391,208.8
515,22-08-2021,01:59:28,664,14.2,393,211.5
516,22-08-2021,02:29:28,665,14.2,393,211.5
517,22-08-2021,02:59:28,662,14.2,393,211.5
518,22-08-2021,03:29:28,659,14.1,392,210.1
519,22-08-2021,03:59:28,657,14.1,389,206.1
520,22-08-2021,04:29:28,654,14,388,204.7
521,22-08-2021,04:59:28,650,13.9,388,204.7
522,22-08-2021,05:29:28,646,13.8,388,204.7
523,22-08-2021,05:59:28,645,13.8,389,206.1
524,22-08-2021,06:29:28,644,13.8,390,207.4
525,22-08-2021,06:59:28,645,13.8,392,210.1
526,22-08-2021,07:29:28,648,13.9,393,211.5
527,22-08-2021,07:59:28,650,13.9,393,211.5
528,22-08-2021,08:29:28,655,14,393,211.5
529,22-08-2021,08:59:28,661,14.1,396,215.5
530,22-08-2021,09:29:28,670,14.3,394,212.8
531,22-08-2021,09:59:28,679,14.5,394,212.8
532,22-08-2021,10:29:28,687,14.7,396,215.5
533,22-08-2021,10:59:28,695,14.9,398,218.2
534,22-08-2021,11:29:28,701,15,400,220.9
535,22-08-2021,11:59:28,706,15.1,400,220.9
536,22-08-2021,12:29:28,715,15.3,401,222.3
537,22-08-2021,12:59:28,732,15.7,401,222.3
538,22-08-2021,13:29:28,736,15.7,400,220.9
539,22-08-2021,13:59:28,738,15.8,400,220.9
540,22-08-2021,14:29:28,737,15.8,400,220.9
541,22-08-2021,14:59:28,737,15.8,399,219.6
542,22-08-2021,15:29:28,738,15.8,398,218.2
543,22-08-2021,15:59:28,738,15.8,398,218.2
544,22-08-2021,16:29:28,732,15.7,398,218.2
545,22-08-2021,16:59:28,726,15.5,398,218.2
546,22-08-2021,17:29:28,719,15.4,398,218.2
547,22-08-2021,17:59:28,713,15.3,398,218.2
548,22-08-2021,18:29:28,712,15.2,396,215.5
549,22-08-2021,18:59:28,709,15.2,397,216.9
550,22-08-2021,19:29:28,705,15.1,396,215.5
551,22-08-2021,19:59:28,702,15,396,215.5
552,22-08-2021,20:29:28,699,15,394,212.8
553,22-08-2021,20:59:28,697,14.9,394,212.8
554,22-08-2021,21:29:28,696,14.9,395,214.2
555,22-08-2021,21:59:28,696,14.9,394,212.8
556,22-08-2021,22:29:28,695,14.9,393,211.5
557,22-08-2021,22:59:28,693,14.8,393,211.5
558,22-08-2021,23:29:28,691,14.8,393,211.5
559,22-08-2021,23:59:28,690,14.8,393,211.5
560,23-08-2021,00:29:28,689,14.7,393,211.5
561,23-08-2021,00:59:28,691,14.8,392,210.1
562,23-08-2021,01:29:28,693,14.8,391,208.8
563,23-08-2021,01:59:28,690,14.8,393,211.5
564,23-08-2021,02:29:28,688,14.7,393,211.5
565,23-08-2021,02:59:28,687,14.7,394,212.8
566,23-08-2021,03:29:28,686,14.7,394,212.8
567,23-08-2021,03:59:28,687,14.7,393,211.5
568,23-08-2021,04:29:28,686,14.7,393,211.5
569,23-08-2021,04:59:28,683,14.6,393,211.5
570,23-08-2021,05:29:28,680,14.5,394,212.8
571,23-08-2021,05:59:28,680,14.5,394,212.8
572,23-08-2021,06:29:28,677,14.5,394,212.8
573,23-08-2021,06:59:28,675,14.4,394,212.8
574,23-08-2021,07:29:28,672,14.4,396,215.5
575,23-08-2021,07:59:28,672,14.4,398,218.2
576,23-08-2021,08:29:28,672,14.4,400,220.9
577,23-08-2021,08:59:28,674,14.4,402,223.6
578,23-08-2021,09:29:28,676,14.5,405,227.7
579,23-08-2021,09:59:28,684,14.6,407,230.4
580,23-08-2021,10:29:28,686,14.7,411,235.8
581,23-08-2021,10:59:28,685,14.7,413,238.5
582,23-08-2021,11:29:28,694,14.8,414,239.9
583,23-08-2021,11:59:28,699,15,415,241.2
584,23-08-2021,12:29:28,710,15.2,415,241.2
585,23-08-2021,12:59:28,716,15.3,416,242.6
586,23-08-2021,13:29:28,715,15.3,416,242.6
587,23-08-2021,13:59:28,719,15.4,416,242.6
588,23-08-2021,14:29:28,719,15.4,417,243.9
589,23-08-2021,14:59:28,715,15.3,416,242.6
590,23-08-2021,15:29:28,714,15.3,416,242.6
591,23-08-2021,15:59:28,715,15.3,417,243.9
592,23-08-2021,16:29:28,713,15.3,418,245.3
593,23-08-2021,16:59:28,712,15.2,418,245.3
594,23-08-2021,17:29:28,709,15.2,417,243.9
595,23-08-2021,17:59:28,704,15.1,417,243.9
596,23-08-2021,18:29:28,705,15.1,418,245.3
597,23-08-2021,18:59:28,703,15,417,243.9
598,23-08-2021,19:29:28,700,15,416,242.6
599,23-08-2021,19:59:28,699,15,416,242.6
600,23-08-2021,20:29:28,695,14.9,415,241.2
601,23-08-2021,20:59:28,691,14.8,415,241.2
602,23-08-2021,21:29:28,691,14.8,415,241.2
603,23-08-2021,21:59:28,691,14.8,414,239.9
604,23-08-2021,22:29:28,689,14.7,414,239.9
605,23-08-2021,22:59:28,688,14.7,415,241.2
606,23-08-2021,23:29:28,688,14.7,415,241.2
607,23-08-2021,23:59:28,690,14.8,415,241.2
608,24-08-2021,00:29:28,690,14.8,415,241.2
609,24-08-2021,00:59:28,690,14.8,414,239.9
610,24-08-2021,01:29:28,689,14.7,414,239.9
611,24-08-2021,01:59:28,691,14.8,413,238.5
612,24-08-2021,02:29:28,692,14.8,413,238.5
613,24-08-2021,02:59:28,690,14.8,411,235.8
614,24-08-2021,03:29:28,688,14.7,410,234.5
615,24-08-2021,03:59:28,686,14.7,411,235.8
616,24-08-2021,04:29:28,683,14.6,409,233.1
617,24-08-2021,04:59:28,681,14.6,409,233.1
618,24-08-2021,05:29:28,678,14.5,409,233.1
619,24-08-2021,05:59:28,678,14.5,408,231.7
620,24-08-2021,06:29:28,677,14.5,409,233.1
621,24-08-2021,06:59:28,675,14.4,410,234.5
622,24-08-2021,07:29:28,674,14.4,411,235.8
623,24-08-2021,07:59:28,673,14.4,413,238.5
624,24-08-2021,08:29:28,674,14.4,413,238.5
625,24-08-2021,08:59:28,678,14.5,415,241.2
626,24-08-2021,09:29:28,680,14.5,416,242.6
627,24-08-2021,09:59:28,686,14.7,416,242.6
628,24-08-2021,10:29:28,684,14.6,416,242.6
629,24-08-2021,10:59:28,684,14.6,416,242.6
630,24-08-2021,11:29:28,684,14.6,417,243.9
631,24-08-2021,11:59:28,685,14.7,417,243.9
632,24-08-2021,12:29:28,685,14.7,418,245.3
633,24-08-2021,12:59:28,685,14.7,421,249.3
634,24-08-2021,13:29:28,687,14.7,421,249.3
635,24-08-2021,13:59:28,689,14.7,424,253.4
636,24-08-2021,14:29:28,688,14.7,424,253.4
637,24-08-2021,14:59:28,691,14.8,424,253.4
638,24-08-2021,15:29:28,698,14.9,425,254.7
639,24-08-2021,15:59:28,700,15,424,253.4
640,24-08-2021,16:29:28,699,15,424,253.4
641,24-08-2021,16:59:28,694,14.8,422,250.7
642,24-08-2021,17:29:28,689,14.7,422,250.7
643,24-08-2021,17:59:28,687,14.7,421,249.3
644,24-08-2021,18:29:28,682,14.6,419,246.6
645,24-08-2021,18:59:28,676,14.5,419,246.6
646,24-08-2021,19:29:28,670,14.3,418,245.3
647,24-08-2021,19:59:28,668,14.3,418,245.3
648,24-08-2021,20:29:28,665,14.2,418,245.3
649,24-08-2021,20:59:28,661,14.1,417,243.9
650,24-08-2021,21:29:28,658,14.1,416,242.6
651,24-08-2021,21:59:28,653,14,416,242.6
652,24-08-2021,22:29:28,649,13.9,416,242.6
653,24-08-2021,22:59:28,648,13.9,415,241.2
654,24-08-2021,23:29:28,648,13.9,416,242.6
655,24-08-2021,23:59:28,647,13.8,415,241.2
656,25-08-2021,00:29:28,646,13.8,413,238.5
657,25-08-2021,00:59:28,645,13.8,411,235.8
658,25-08-2021,01:29:28,645,13.8,411,235.8
659,25-08-2021,01:59:28,644,13.8,411,235.8
660,25-08-2021,02:29:28,641,13.7,409,233.1
661,25-08-2021,02:59:28,638,13.7,409,233.1
662,25-08-2021,03:29:28,635,13.6,408,231.7
663,25-08-2021,03:59:28,631,13.5,408,231.7
664,25-08-2021,04:29:28,629,13.5,407,230.4
665,25-08-2021,04:59:28,625,13.4,405,227.7
666,25-08-2021,05:29:28,620,13.3,403,225
667,25-08-2021,05:59:28,616,13.2,403,225
668,25-08-2021,06:29:28,614,13.1,403,225
669,25-08-2021,06:59:28,614,13.1,405,227.7
670,25-08-2021,07:29:28,615,13.2,407,230.4
671,25-08-2021,07:59:28,619,13.2,406,229
672,25-08-2021,08:29:28,623,13.3,408,231.7
673,25-08-2021,08:59:28,628,13.4,411,235.8
674,25-08-2021,09:29:28,634,13.6,410,234.5
675,25-08-2021,09:59:28,642,13.7,410,234.5
676,25-08-2021,10:29:28,647,13.8,411,235.8
677,25-08-2021,10:59:28,655,14,411,235.8
678,25-08-2021,11:29:28,663,14.2,412,237.2
679,25-08-2021,11:59:28,664,14.2,412,237.2
680,25-08-2021,12:29:28,670,14.3,412,237.2
681,25-08-2021,12:59:28,672,14.4,412,237.2
682,25-08-2021,13:29:28,676,14.5,412,237.2
683,25-08-2021,13:59:28,676,14.5,412,237.2
684,25-08-2021,14:29:28,678,14.5,410,234.5
685,25-08-2021,14:59:28,677,14.5,410,234.5
686,25-08-2021,15:29:28,676,14.5,409,233.1
687,25-08-2021,15:59:28,674,14.4,408,231.7
688,25-08-2021,16:29:28,669,14.3,407,230.4
689,25-08-2021,16:59:28,664,14.2,407,230.4
690,25-08-2021,17:29:28,658,14.1,407,230.4
691,25-08-2021,17:59:28,653,14,406,229
692,25-08-2021,18:29:28,650,13.9,406,229
693,25-08-2021,18:59:28,649,13.9,407,230.4
694,25-08-2021,19:29:28,644,13.8,406,229
695,25-08-2021,19:59:28,639,13.7,405,227.7
696,25-08-2021,20:29:28,641,13.7,404,226.3
697,25-08-2021,20:59:28,639,13.7,404,226.3
698,25-08-2021,21:29:28,639,13.7,403,225
699,25-08-2021,21:59:28,633,13.5,402,223.6
700,25-08-2021,22:29:28,629,13.5,402,223.6
701,25-08-2021,22:59:28,629,13.5,401,222.3
702,25-08-2021,23:29:28,631,13.5,402,223.6
703,25-08-2021,23:59:28,633,13.5,403,225
704,26-08-2021,00:29:28,633,13.5,402,223.6
705,26-08-2021,00:59:28,633,13.5,402,223.6
706,26-08-2021,01:29:28,635,13.6,402,223.6
707,26-08-2021,01:59:28,635,13.6,402,223.6
708,26-08-2021,02:29:28,633,13.5,401,222.3
709,26-08-2021,02:59:28,630,13.5,400,220.9
710,26-08-2021,03:29:28,629,13.5,398,218.2
711,26-08-2021,03:59:28,625,13.4,400,220.9
712,26-08-2021,04:29:28,625,13.4,402,223.6
713,26-08-2021,04:59:28,626,13.4,401,222.3
714,26-08-2021,05:29:28,623,13.3,400,220.9
715,26-08-2021,05:59:28,620,13.3,402,223.6
716,26-08-2021,06:29:28,620,13.3,403,225
717,26-08-2021,06:59:28,620,13.3,405,227.7
718,26-08-2021,07:29:28,621,13.3,404,226.3
719,26-08-2021,07:59:28,621,13.3,405,227.7
720,26-08-2021,08:29:28,622,13.3,407,230.4
721,26-08-2021,08:59:28,622,13.3,407,230.4
722,26-08-2021,09:29:28,624,13.4,410,234.5
723,26-08-2021,09:59:28,628,13.4,411,235.8
724,26-08-2021,10:29:28,632,13.5,412,237.2
725,26-08-2021,10:59:28,640,13.7,413,238.5
726,26-08-2021,11:29:28,647,13.8,415,241.2
727,26-08-2021,11:59:28,651,13.9,415,241.2
728,26-08-2021,12:29:28,656,14,415,241.2
729,26-08-2021,12:59:28,665,14.2,416,242.6
730,26-08-2021,13:29:28,668,14.3,417,243.9
731,26-08-2021,13:59:28,670,14.3,416,242.6
732,26-08-2021,14:29:28,672,14.4,416,242.6
733,26-08-2021,14:59:28,674,14.4,415,241.2
734,26-08-2021,15:29:28,674,14.4,420,248
735,26-08-2021,15:59:28,676,14.5,419,246.6
736,26-08-2021,16:29:28,667,14.3,418,245.3
737,26-08-2021,16:59:28,660,14.1,419,246.6
738,26-08-2021,17:29:28,654,14,422,250.7
739,26-08-2021,17:59:28,649,13.9,423,252
740,26-08-2021,18:29:28,649,13.9,423,252
741,26-08-2021,18:59:28,655,14,424,253.4
742,26-08-2021,19:29:28,658,14.1,427,257.4
743,26-08-2021,19:59:28,655,14,427,257.4
744,26-08-2021,20:29:28,645,13.8,429,260.1
745,26-08-2021,20:59:28,642,13.7,429,260.1
746,26-08-2021,21:29:28,644,13.8,429,260.1
747,26-08-2021,21:59:28,644,13.8,429,260.1
748,26-08-2021,22:29:28,639,13.7,428,258.8
749,26-08-2021,22:59:28,634,13.6,428,258.8
750,26-08-2021,23:29:28,631,13.5,427,257.4
751,26-08-2021,23:59:28,629,13.5,426,256.1
752,27-08-2021,00:29:28,626,13.4,426,256.1
753,27-08-2021,00:59:28,625,13.4,427,257.4
754,27-08-2021,01:29:28,624,13.4,426,256.1
755,27-08-2021,01:59:28,624,13.4,427,257.4
756,27-08-2021,02:29:28,623,13.3,426,256.1
757,27-08-2021,02:59:28,623,13.3,425,254.7
758,27-08-2021,03:29:28,621,13.3,424,253.4
759,27-08-2021,03:59:28,618,13.2,424,253.4
760,27-08-2021,04:29:28,616,13.2,423,252
761,27-08-2021,04:59:28,615,13.2,423,252
762,27-08-2021,05:29:28,615,13.2,422,250.7
763,27-08-2021,05:59:28,612,13.1,422,250.7
764,27-08-2021,06:29:28,611,13.1,423,252
765,27-08-2021,06:59:28,610,13.1,424,253.4
766,27-08-2021,07:29:28,610,13.1,424,253.4
767,27-08-2021,07:59:28,615,13.2,427,257.4
768,27-08-2021,08:29:28,622,13.3,425,254.7
769,27-08-2021,08:59:28,627,13.4,426,256.1
770,27-08-2021,09:29:28,632,13.5,427,257.4
771,27-08-2021,09:59:28,631,13.5,428,258.8
772,27-08-2021,10:29:28,633,13.5,427,257.4
773,27-08-2021,10:59:28,641,13.7,429,260.1
774,27-08-2021,11:29:28,652,14,429,260.1
775,27-08-2021,11:59:28,651,13.9,429,260.1
776,27-08-2021,12:29:28,655,14,428,258.8
777,27-08-2021,12:59:28,667,14.3,427,257.4
778,27-08-2021,13:29:28,669,14.3,427,257.4
779,27-08-2021,13:59:28,669,14.3,426,256.1
780,27-08-2021,14:29:28,665,14.2,426,256.1
781,27-08-2021,14:59:28,664,14.2,424,253.4
782,27-08-2021,15:29:28,664,14.2,424,253.4
783,27-08-2021,15:59:28,668,14.3,423,252
784,27-08-2021,16:29:28,669,14.3,423,252
785,27-08-2021,16:59:28,664,14.2,423,252
786,27-08-2021,17:29:28,664,14.2,423,252
787,27-08-2021,17:59:28,662,14.2,422,250.7
788,27-08-2021,18:29:28,658,14.1,419,246.6
789,27-08-2021,18:59:28,658,14.1,417,243.9
790,27-08-2021,19:29:28,651,13.9,417,243.9
791,27-08-2021,19:59:28,643,13.8,417,243.9
792,27-08-2021,20:29:28,638,13.7,417,243.9
793,27-08-2021,20:59:28,634,13.6,416,242.6
794,27-08-2021,21:29:28,633,13.5,414,239.9
795,27-08-2021,21:59:28,629,13.5,415,241.2
796,27-08-2021,22:29:28,625,13.4,413,238.5
797,27-08-2021,22:59:28,621,13.3,414,239.9
798,27-08-2021,23:29:28,619,13.2,413,238.5
799,27-08-2021,23:59:28,619,13.2,412,237.2
800,28-08-2021,00:29:28,616,13.2,411,235.8
801,28-08-2021,00:59:28,612,13.1,410,234.5
802,28-08-2021,01:29:28,608,13,409,233.1
803,28-08-2021,01:59:28,606,13,408,231.7
804,28-08-2021,02:29:28,604,12.9,408,231.7
805,28-08-2021,02:59:28,599,12.8,407,230.4
806,28-08-2021,03:29:28,594,12.7,406,229
807,28-08-2021,03:59:28,590,12.6,406,229
808,28-08-2021,04:29:28,586,12.5,406,229
809,28-08-2021,04:59:28,584,12.5,405,227.7
810,28-08-2021,05:29:28,580,12.4,404,226.3
811,28-08-2021,05:59:28,581,12.4,404,226.3
812,28-08-2021,06:29:28,582,12.5,406,229
813,28-08-2021,06:59:28,583,12.5,407,230.4
814,28-08-2021,07:29:28,585,12.5,407,230.4
815,28-08-2021,07:59:28,590,12.6,408,231.7
816,28-08-2021,08:29:28,594,12.7,407,230.4
817,28-08-2021,08:59:28,600,12.8,410,234.5
818,28-08-2021,09:29:28,606,13,411,235.8
819,28-08-2021,09:59:28,614,13.1,411,235.8
820,28-08-2021,10:29:28,621,13.3,412,237.2
821,28-08-2021,10:59:28,627,13.4,413,238.5
822,28-08-2021,11:29:28,635,13.6,414,239.9
823,28-08-2021,11:59:28,645,13.8,415,241.2
824,28-08-2021,12:29:28,648,13.9,414,239.9
825,28-08-2021,12:59:28,651,13.9,415,241.2
826,28-08-2021,13:29:28,653,14,414,239.9
827,28-08-2021,13:59:28,659,14.1,414,239.9
828,28-08-2021,14:29:28,658,14.1,413,238.5
829,28-08-2021,14:59:28,656,14,412,237.2
830,28-08-2021,15:29:28,656,14,412,237.2
831,28-08-2021,15:59:28,654,14,422,250.7
832,28-08-2021,16:29:28,649,13.9,431,262.8
833,28-08-2021,16:59:28,645,13.8,429,260.1
834,28-08-2021,17:29:28,645,13.8,424,253.4
835,28-08-2021,17:59:28,641,13.7,419,246.6
836,28-08-2021,18:29:28,635,13.6,415,241.2
837,28-08-2021,18:59:28,633,13.5,412,237.2
838,28-08-2021,19:29:28,631,13.5,409,233.1
839,28-08-2021,19:59:28,632,13.5,408,231.7
840,28-08-2021,20:29:28,630,13.5,407,230.4
841,28-08-2021,20:59:28,627,13.4,407,230.4
842,28-08-2021,21:29:28,624,13.4,406,229
843,28-08-2021,21:59:28,622,13.3,405,227.7
844,28-08-2021,22:29:28,620,13.3,405,227.7
845,28-08-2021,22:59:28,618,13.2,404,226.3
846,28-08-2021,23:29:28,614,13.1,403,225
847,28-08-2021,23:59:28,610,13.1,404,226.3
848,29-08-2021,00:29:28,608,13,404,226.3
849,29-08-2021,00:59:28,608,13,404,226.3
850,29-08-2021,01:29:28,606,13,403,225
851,29-08-2021,01:59:28,603,12.9,403,225
852,29-08-2021,02:29:28,600,12.8,402,223.6
853,29-08-2021,02:59:28,600,12.8,402,223.6
854,29-08-2021,03:29:28,598,12.8,402,223.6
855,29-08-2021,03:59:28,594,12.7,402,223.6
856,29-08-2021,04:29:28,591,12.6,401,222.3
857,29-08-2021,04:59:28,588,12.6,400,220.9
858,29-08-2021,05:29:28,586,12.5,399,219.6
859,29-08-2021,05:59:28,586,12.5,400,220.9
860,29-08-2021,06:29:28,587,12.6,401,222.3
861,29-08-2021,06:59:28,588,12.6,402,223.6
862,29-08-2021,07:29:28,591,12.6,404,226.3
863,29-08-2021,07:59:28,596,12.8,404,226.3
864,29-08-2021,08:29:28,599,12.8,404,226.3
865,29-08-2021,08:59:28,603,12.9,405,227.7
866,29-08-2021,09:29:28,607,13,406,229
867,29-08-2021,09:59:28,614,13.1,406,229
868,29-08-2021,10:29:28,620,13.3,407,230.4
869,29-08-2021,10:59:28,627,13.4,408,231.7
870,29-08-2021,11:29:28,634,13.6,409,233.1
871,29-08-2021,11:59:28,641,13.7,409,233.1
872,29-08-2021,12:29:28,649,13.9,410,234.5
873,29-08-2021,12:59:28,656,14,410,234.5
874,29-08-2021,13:29:28,662,14.2,410,234.5
875,29-08-2021,13:59:28,663,14.2,410,234.5
876,29-08-2021,14:29:28,670,14.3,410,234.5
877,29-08-2021,14:59:28,670,14.3,410,234.5
878,29-08-2021,15:29:28,670,14.3,410,234.5
879,29-08-2021,15:59:28,668,14.3,410,234.5
880,29-08-2021,16:29:28,668,14.3,409,233.1
881,29-08-2021,16:59:28,665,14.2,409,233.1
882,29-08-2021,17:29:28,661,14.1,407,230.4
883,29-08-2021,17:59:28,656,14,407,230.4
884,29-08-2021,18:29:28,653,14,405,227.7
885,29-08-2021,18:59:28,649,13.9,405,227.7
886,29-08-2021,19:29:28,647,13.8,404,226.3
887,29-08-2021,19:59:28,643,13.8,404,226.3
888,29-08-2021,20:29:28,639,13.7,403,225
889,29-08-2021,20:59:28,635,13.6,403,225
890,29-08-2021,21:29:28,633,13.5,402,223.6
891,29-08-2021,21:59:28,630,13.5,400,220.9
892,29-08-2021,22:29:28,629,13.5,400,220.9
893,29-08-2021,22:59:28,628,13.4,400,220.9
894,29-08-2021,23:29:28,627,13.4,400,220.9
895,29-08-2021,23:59:28,625,13.4,399,219.6
896,30-08-2021,00:29:28,623,13.3,399,219.6
897,30-08-2021,00:59:28,623,13.3,398,218.2
898,30-08-2021,01:29:28,623,13.3,396,215.5
899,30-08-2021,01:59:28,621,13.3,397,216.9
900,30-08-2021,02:29:28,620,13.3,397,216.9
901,30-08-2021,02:59:28,618,13.2,395,214.2
902,30-08-2021,03:29:28,615,13.2,394,212.8
903,30-08-2021,03:59:28,614,13.1,393,211.5
904,30-08-2021,04:29:28,614,13.1,393,211.5
905,30-08-2021,04:59:28,611,13.1,395,214.2
906,30-08-2021,05:29:28,608,13,396,215.5
907,30-08-2021,05:59:28,606,13,398,218.2
908,30-08-2021,06:29:28,605,12.9,401,222.3
909,30-08-2021,06:59:28,608,13,403,225
910,30-08-2021,07:29:28,608,13,408,231.7
911,30-08-2021,07:59:28,616,13.2,421,249.3
912,30-08-2021,08:29:28,622,13.3,425,254.7
913,30-08-2021,08:59:28,618,13.2,431,262.8
914,30-08-2021,09:29:28,620,13.3,437,270.9
915,30-08-2021,09:59:28,618,13.2,450,288.5
916,30-08-2021,10:29:28,630,13.5,461,303.4
917,30-08-2021,10:59:28,633,13.5,469,314.2
918,30-08-2021,11:29:28,639,13.7,479,327.7
919,30-08-2021,11:59:28,644,13.8,490,342.6
920,30-08-2021,12:29:28,647,13.8,495,349.3
921,30-08-2021,12:59:28,651,13.9,498,353.4
922,30-08-2021,13:29:28,658,14.1,500,356.1
923,30-08-2021,13:59:28,655,14,501,357.4
924,30-08-2021,14:29:28,655,14,503,360.1
925,30-08-2021,14:59:28,653,14,500,356.1
926,30-08-2021,15:29:28,655,14,502,358.8
927,30-08-2021,15:59:28,652,14,502,358.8
928,30-08-2021,16:29:28,653,14,502,358.8
929,30-08-2021,16:59:28,651,13.9,503,360.1
930,30-08-2021,17:29:28,647,13.8,503,360.1
931,30-08-2021,17:59:28,645,13.8,503,360.1
932,30-08-2021,18:29:28,645,13.8,503,360.1
933,30-08-2021,18:59:28,647,13.8,502,358.8
934,30-08-2021,19:29:28,650,13.9,501,357.4
935,30-08-2021,19:59:28,647,13.8,501,357.4
936,30-08-2021,20:29:28,645,13.8,501,357.4
937,30-08-2021,20:59:28,647,13.8,502,358.8
938,30-08-2021,21:29:28,647,13.8,504,361.5
939,30-08-2021,21:59:28,650,13.9,506,364.2
940,30-08-2021,22:29:28,652,14,510,369.6
941,30-08-2021,22:59:28,655,14,519,381.7
942,30-08-2021,23:29:28,658,14.1,527,392.5
943,30-08-2021,23:59:28,660,14.1,536,404.7
944,31-08-2021,00:29:28,663,14.2,547,419.6
945,31-08-2021,00:59:28,663,14.2,555,430.4
946,31-08-2021,01:29:28,665,14.2,563,441.2
947,31-08-2021,01:59:28,669,14.3,571,452
948,31-08-2021,02:29:28,672,14.4,575,457.4
949,31-08-2021,02:59:28,675,14.4,575,457.4
950,31-08-2021,03:29:28,676,14.5,575,457.4
951,31-08-2021,03:59:28,676,14.5,572,453.3
952,31-08-2021,04:29:28,674,14.4,570,450.6
953,31-08-2021,04:59:28,673,14.4,575,457.4
954,31-08-2021,05:29:28,672,14.4,577,460.1
955,31-08-2021,05:59:28,671,14.4,581,465.5
956,31-08-2021,06:29:28,670,14.3,585,470.9
957,31-08-2021,06:59:28,672,14.4,591,479
958,31-08-2021,07:29:28,672,14.4,598,488.5
959,31-08-2021,07:59:28,674,14.4,604,496.6
960,31-08-2021,08:29:28,677,14.5,610,504.7
961,31-08-2021,08:59:28,681,14.6,615,511.4
962,31-08-2021,09:29:28,689,14.7,620,518.2
963,31-08-2021,09:59:28,695,14.9,630,531.7
964,31-08-2021,10:29:28,697,14.9,634,537.1
965,31-08-2021,10:59:28,699,15,639,543.9
966,31-08-2021,11:29:28,699,15,644,550.6
967,31-08-2021,11:59:28,700,15,648,556
968,31-08-2021,12:29:28,703,15,653,562.8
969,31-08-2021,12:59:28,707,15.1,657,568.2
970,31-08-2021,13:29:28,712,15.2,668,583.1
971,31-08-2021,13:59:28,717,15.3,667,581.7
972,31-08-2021,14:29:28,719,15.4,667,581.7
973,31-08-2021,14:59:28,719,15.4,675,592.5
974,31-08-2021,15:29:28,720,15.4,682,602
975,31-08-2021,15:59:28,720,15.4,684,604.7
976,31-08-2021,16:29:28,720,15.4,684,604.7
977,31-08-2021,16:59:28,718,15.4,681,600.6
978,31-08-2021,17:29:28,718,15.4,679,597.9
979,31-08-2021,17:59:28,717,15.3,679,597.9
980,31-08-2021,18:29:28,718,15.4,678,596.6
981,31-08-2021,18:59:28,718,15.4,678,596.6
982,31-08-2021,19:29:28,718,15.4,679,597.9
983,31-08-2021,19:59:28,719,15.4,679,597.9
984,31-08-2021,20:29:28,719,15.4,680,599.3
985,31-08-2021,20:59:28,719,15.4,679,597.9
986,31-08-2021,21:29:28,718,15.4,679,597.9
987,31-08-2021,21:59:28,717,15.3,678,596.6
988,31-08-2021,22:29:28,716,15.3,677,595.2
989,31-08-2021,22:59:28,715,15.3,676,593.9
990,31-08-2021,23:29:28,715,15.3,675,592.5
991,31-08-2021,23:59:28,713,15.3,675,592.5
992,01-09-2021,00:29:28,713,15.3,675,592.5
993,01-09-2021,00:59:28,712,15.2,676,593.9
994,01-09-2021,01:29:28,711,15.2,675,592.5
995,01-09-2021,01:59:28,709,15.2,676,593.9
996,01-09-2021,02:29:28,709,15.2,675,592.5
997,01-09-2021,02:59:28,708,15.1,675,592.5
998,01-09-2021,03:29:28,707,15.1,675,592.5
999,01-09-2021,03:59:28,706,15.1,675,592.5
1000,01-09-2021,04:29:28,705,15.1,675,592.5
1001,01-09-2021,04:59:28,705,15.1,675,592.5
1002,01-09-2021,05:29:28,704,15.1,675,592.5
1003,01-09-2021,05:59:28,703,15,675,592.5
1004,01-09-2021,06:29:28,703,15,675,592.5
1005,01-09-2021,06:59:28,703,15,676,593.9
1006,01-09-2021,07:29:28,702,15,675,592.5
1007,01-09-2021,07:59:28,703,15,675,592.5
1008,01-09-2021,08:29:28,704,15.1,676,593.9
1009,01-09-2021,08:59:28,706,15.1,679,597.9
1010,01-09-2021,09:29:28,710,15.2,675,592.5
1011,01-09-2021,09:59:28,713,15.3,677,595.2
1012,01-09-2021,10:29:28,718,15.4,678,596.6
1013,01-09-2021,10:59:28,722,15.4,677,595.2
1014,01-09-2021,11:29:28,723,15.5,675,592.5
1015,01-09-2021,11:59:28,727,15.6,673,589.8
1016,01-09-2021,12:29:28,728,15.6,669,584.4
1017,01-09-2021,12:59:28,729,15.6,667,581.7
1018,01-09-2021,13:29:28,731,15.6,665,579
1019,01-09-2021,13:59:28,732,15.7,663,576.3
1020,01-09-2021,14:29:28,733,15.7,660,572.3
1021,01-09-2021,14:59:28,734,15.7,658,569.6
1022,01-09-2021,15:29:28,734,15.7,656,566.8
1023,01-09-2021,15:59:28,732,15.7,654,564.1
1024,01-09-2021,16:29:28,731,15.6,651,560.1
1025,01-09-2021,16:59:28,732,15.7,649,557.4
1026,01-09-2021,17:29:28,730,15.6,645,552
1027,01-09-2021,17:59:28,728,15.6,643,549.3
1028,01-09-2021,18:29:28,727,15.6,639,543.9
1029,01-09-2021,18:59:28,728,15.6,638,542.5
1030,01-09-2021,19:29:28,726,15.5,634,537.1
1031,01-09-2021,19:59:28,724,15.5,631,533.1
1032,01-09-2021,20:29:28,723,15.5,629,530.4
1033,01-09-2021,20:59:28,722,15.4,627,527.7
1034,01-09-2021,21:29:28,719,15.4,624,523.6
1035,01-09-2021,21:59:28,717,15.3,621,519.6
1036,01-09-2021,22:29:28,716,15.3,618,515.5
1037,01-09-2021,22:59:28,715,15.3,616,512.8
1038,01-09-2021,23:29:28,712,15.2,614,510.1
1039,01-09-2021,23:59:28,708,15.1,610,504.7
1040,02-09-2021,00:29:28,705,15.1,607,500.6
1041,02-09-2021,00:59:28,703,15,604,496.6
1042,02-09-2021,01:29:28,700,15,601,492.5
1043,02-09-2021,01:59:28,697,14.9,597,487.1
1044,02-09-2021,02:29:28,694,14.8,595,484.4
1045,02-09-2021,02:59:28,692,14.8,592,480.4
1046,02-09-2021,03:29:28,688,14.7,588,475
1047,02-09-2021,03:59:28,684,14.6,586,472.3
1048,02-09-2021,04:29:28,680,14.5,583,468.2
1049,02-09-2021,04:59:28,676,14.5,580,464.2
1050,02-09-2021,05:29:28,673,14.4,577,460.1
1051,02-09-2021,05:59:28,671,14.4,575,457.4
1052,02-09-2021,06:29:28,670,14.3,574,456.1
1053,02-09-2021,06:59:28,669,14.3,571,452
1054,02-09-2021,07:29:28,671,14.4,567,446.6
1055,02-09-2021,07:59:28,672,14.4,564,442.5
1056,02-09-2021,08:29:28,672,14.4,562,439.8
1057,02-09-2021,08:59:28,676,14.5,560,437.1
1058,02-09-2021,09:29:28,680,14.5,557,433.1
1059,02-09-2021,09:59:28,686,14.7,553,427.7
1060,02-09-2021,10:29:28,689,14.7,551,425
1061,02-09-2021,10:59:28,694,14.8,548,420.9
1062,02-09-2021,11:29:28,699,15,546,418.2
1063,02-09-2021,11:59:28,706,15.1,542,412.8
1064,02-09-2021,12:29:28,711,15.2,539,408.8
1065,02-09-2021,12:59:28,713,15.3,535,403.4
1066,02-09-2021,13:29:28,715,15.3,532,399.3
1067,02-09-2021,13:59:28,715,15.3,529,395.2
1068,02-09-2021,14:29:28,713,15.3,526,391.2
1069,02-09-2021,14:59:28,711,15.2,523,387.1