1,11-08-2021,11:49:10,1065,22.3,342,51
2,11-08-2021,12:19:10,868,18.1,596,374.9
3,11-08-2021,12:49:10,873,18.2,597,376.2
4,11-08-2021,13:19:10,881,18.4,599,378.8
5,11-08-2021,13:49:10,890,18.6,600,380.1
6,11-08-2021,14:19:10,898,18.8,600,380.1
7,11-08-2021,14:49:10,904,18.9,601,381.3
8,11-08-2021,15:19:10,911,19,601,381.3
9,11-08-2021,15:49:10,914,19.1,601,381.3
10,11-08-2021,16:19:10,916,19.1,600,380.1
11,11-08-2021,16:49:10,914,19.1,600,380.1
12,11-08-2021,17:19:10,912,19.1,599,378.8
13,11-08-2021,17:49:10,909,19,599,378.8
14,11-08-2021,18:19:10,905,18.9,597,376.2
15,11-08-2021,18:49:10,900,18.8,596,374.9
16,11-08-2021,19:19:10,893,18.7,596,374.9
17,11-08-2021,19:49:10,886,18.5,595,373.6
18,11-08-2021,20:19:10,878,18.3,596,374.9
19,11-08-2021,20:49:10,870,18.2,594,372.4
20,11-08-2021,21:19:10,862,18,594,372.4
21,11-08-2021,21:49:10,854,17.8,592,369.8
22,11-08-2021,22:19:10,846,17.7,591,368.5
23,11-08-2021,22:49:10,839,17.5,590,367.2
24,11-08-2021,23:19:10,830,17.3,589,366
25,11-08-2021,23:49:10,822,17.2,589,366
26,12-08-2021,00:19:10,813,17,589,366
27,12-08-2021,00:49:10,805,16.8,587,363.4
28,12-08-2021,01:19:10,797,16.7,586,362.1
29,12-08-2021,01:49:10,789,16.5,585,360.9
30,12-08-2021,02:19:10,782,16.3,585,360.9
31,12-08-2021,02:49:10,774,16.2,583,358.3
32,12-08-2021,03:19:10,766,16,582,357
33,12-08-2021,03:49:10,759,15.9,581,355.7
34,12-08-2021,04:19:10,752,15.7,580,354.5
35,12-08-2021,04:49:10,745,15.6,580,354.5
36,12-08-2021,05:19:10,739,15.4,579,353.2
37,12-08-2021,05:49:10,736,15.4,580,354.5
38,12-08-2021,06:19:10,734,15.3,580,354.5
39,12-08-2021,06:49:10,734,15.3,581,355.7
40,12-08-2021,07:19:10,737,15.4,582,357
41,12-08-2021,07:49:10,740,15.5,581,355.7
42,12-08-2021,08:19:10,748,15.6,580,354.5
43,12-08-2021,08:49:10,758,15.8,580,354.5
44,12-08-2021,09:19:10,769,16.1,580,354.5
45,12-08-2021,09:49:10,781,16.3,581,355.7
46,12-08-2021,10:19:10,794,16.6,580,354.5
47,12-08-2021,10:49:10,806,16.8,580,354.5
48,12-08-2021,11:19:10,811,16.9,579,353.2
49,12-08-2021,11:49:10,825,17.2,580,354.5
50,12-08-2021,12:19:10,833,17.4,579,353.2
51,12-08-2021,12:49:10,845,17.7,580,354.5
52,12-08-2021,13:19:10,854,17.8,580,354.5
53,12-08-2021,13:49:10,862,18,580,354.5
54,12-08-2021,14:19:10,866,18.1,580,354.5
55,12-08-2021,14:49:10,872,18.2,581,355.7
56,12-08-2021,15:19:10,877,18.3,580,354.5
57,12-08-2021,15:49:10,882,18.4,579,353.2
58,12-08-2021,16:19:10,887,18.5,579,353.2
59,12-08-2021,16:49:10,892,18.6,579,353.2
60,12-08-2021,17:19:10,893,18.7,579,353.2
61,12-08-2021,17:49:10,892,18.6,577,350.6
62,12-08-2021,18:19:10,891,18.6,577,350.6
63,12-08-2021,18:49:10,888,18.6,576,349.3
64,12-08-2021,19:19:10,879,18.4,576,349.3
65,12-08-2021,19:49:10,868,18.1,575,348.1
66,12-08-2021,20:19:10,858,17.9,574,346.8
67,12-08-2021,20:49:10,850,17.8,573,345.5
68,12-08-2021,21:19:10,843,17.6,573,345.5
69,12-08-2021,21:49:10,835,17.4,573,345.5
70,12-08-2021,22:19:10,827,17.3,573,345.5
71,12-08-2021,22:49:10,819,17.1,572,344.2
72,12-08-2021,23:19:10,811,16.9,571,342.9
73,12-08-2021,23:49:10,803,16.8,570,341.7
74,13-08-2021,00:19:10,796,16.6,570,341.7
75,13-08-2021,00:49:10,789,16.5,570,341.7
76,13-08-2021,01:19:10,782,16.3,570,341.7
77,13-08-2021,01:49:10,774,16.2,568,339.1
78,13-08-2021,02:19:10,766,16,567,337.8
79,13-08-2021,02:49:10,758,15.8,566,336.5
80,13-08-2021,03:19:10,750,15.7,565,335.3
81,13-08-2021,03:49:10,743,15.5,565,335.3
82,13-08-2021,04:19:10,736,15.4,564,334
83,13-08-2021,04:49:10,730,15.3,564,334
84,13-08-2021,05:19:10,725,15.1,564,334
85,13-08-2021,05:49:10,722,15.1,563,332.7
86,13-08-2021,06:19:10,722,15.1,565,335.3
87,13-08-2021,06:49:10,722,15.1,564,334
88,13-08-2021,07:19:10,724,15.1,564,334
89,13-08-2021,07:49:10,728,15.2,564,334
90,13-08-2021,08:19:10,734,15.3,563,332.7
91,13-08-2021,08:49:10,743,15.5,563,332.7
92,13-08-2021,09:19:10,753,15.7,564,334
93,13-08-2021,09:49:10,766,16,565,335.3
94,13-08-2021,10:19:10,779,16.3,565,335.3
95,13-08-2021,10:49:10,792,16.5,564,334
96,13-08-2021,11:19:10,807,16.9,565,335.3
97,13-08-2021,11:49:10,817,17.1,565,335.3
98,13-08-2021,12:19:10,828,17.3,567,337.8
99,13-08-2021,12:49:10,838,17.5,568,339.1
100,13-08-2021,13:19:10,848,17.7,568,339.1
101,13-08-2021,13:49:10,856,17.9,568,339.1
102,13-08-2021,14:19:10,863,18,568,339.1
103,13-08-2021,14:49:10,871,18.2,569,340.4
104,13-08-2021,15:19:10,878,18.3,569,340.4
105,13-08-2021,15:49:10,885,18.5,568,339.1
106,13-08-2021,16:19:10,890,18.6,568,339.1
107,13-08-2021,16:49:10,892,18.6,568,339.1
108,13-08-2021,17:19:10,894,18.7,567,337.8
109,13-08-2021,17:49:10,895,18.7,565,335.3
110,13-08-2021,18:19:10,895,18.7,565,335.3
111,13-08-2021,18:49:10,894,18.7,564,334
112,13-08-2021,19:19:10,894,18.7,565,335.3
113,13-08-2021,19:49:10,894,18.7,565,335.3
114,13-08-2021,20:19:10,891,18.6,564,334
115,13-08-2021,20:49:10,887,18.5,563,332.7
116,13-08-2021,21:19:10,881,18.4,564,334
117,13-08-2021,21:49:10,876,18.3,563,332.7
118,13-08-2021,22:19:10,870,18.2,563,332.7
119,13-08-2021,22:49:10,863,18,562,331.4
120,13-08-2021,23:19:10,856,17.9,562,331.4
121,13-08-2021,23:49:10,850,17.8,561,330.1
122,14-08-2021,00:19:10,845,17.7,561,330.1
123,14-08-2021,00:49:10,839,17.5,562,331.4
124,14-08-2021,01:19:10,832,17.4,561,330.1
125,14-08-2021,01:49:10,826,17.3,561,330.1
126,14-08-2021,02:19:10,820,17.1,560,328.9
127,14-08-2021,02:49:10,814,17,560,328.9
128,14-08-2021,03:19:10,810,16.9,559,327.6
129,14-08-2021,03:49:10,805,16.8,559,327.6
130,14-08-2021,04:19:10,800,16.7,557,325
131,14-08-2021,04:49:10,797,16.7,557,325
132,14-08-2021,05:19:10,796,16.6,557,325
133,14-08-2021,05:49:10,795,16.6,556,323.8
134,14-08-2021,06:19:10,796,16.6,557,325
135,14-08-2021,06:49:10,797,16.7,557,325
136,14-08-2021,07:19:10,801,16.7,558,326.3
137,14-08-2021,07:49:10,807,16.9,557,325
138,14-08-2021,08:19:10,814,17,557,325
139,14-08-2021,08:49:10,826,17.3,557,325
140,14-08-2021,09:19:10,837,17.5,557,325
141,14-08-2021,09:49:10,850,17.8,558,326.3
142,14-08-2021,10:19:10,867,18.1,558,326.3
143,14-08-2021,10:49:10,878,18.3,559,327.6
144,14-08-2021,11:19:10,893,18.7,560,328.9
145,14-08-2021,11:49:10,906,18.9,560,328.9
146,14-08-2021,12:19:10,917,19.2,562,331.4
147,14-08-2021,12:49:10,926,19.4,560,328.9
148,14-08-2021,13:19:10,935,19.5,562,331.4
149,14-08-2021,13:49:10,941,19.7,561,330.1
150,14-08-2021,14:19:10,946,19.8,561,330.1
151,14-08-2021,14:49:10,949,19.8,561,330.1
152,14-08-2021,15:19:10,952,19.9,562,331.4
153,14-08-2021,15:49:10,951,19.9,561,330.1
154,14-08-2021,16:19:10,954,19.9,560,328.9
155,14-08-2021,16:49:10,957,20,559,327.6
156,14-08-2021,17:19:10,960,20.1,558,326.3
157,14-08-2021,17:49:10,963,20.1,558,326.3
158,14-08-2021,18:19:10,963,20.1,557,325
159,14-08-2021,18:49:10,962,20.1,557,325
160,14-08-2021,19:19:10,959,20,556,323.8
161,14-08-2021,19:49:10,953,19.9,555,322.5
162,14-08-2021,20:19:10,948,19.8,554,321.2
163,14-08-2021,20:49:10,941,19.7,553,319.9
164,14-08-2021,21:19:10,935,19.5,552,318.6
165,14-08-2021,21:49:10,929,19.4,552,318.6
166,14-08-2021,22:19:10,922,19.3,551,317.4
167,14-08-2021,22:49:10,916,19.1,550,316.1
168,14-08-2021,23:19:10,909,19,550,316.1
169,14-08-2021,23:49:10,902,18.8,549,314.8
170,15-08-2021,00:19:10,895,18.7,549,314.8
171,15-08-2021,00:49:10,888,18.6,548,313.5
172,15-08-2021,01:19:10,880,18.4,548,313.5
173,15-08-2021,01:49:10,872,18.2,547,312.2
174,15-08-2021,02:19:10,864,18.1,546,311
175,15-08-2021,02:49:10,856,17.9,546,311
176,15-08-2021,03:19:10,848,17.7,544,308.4
177,15-08-2021,03:49:10,840,17.6,542,305.9
178,15-08-2021,04:19:10,833,17.4,540,303.3
179,15-08-2021,04:49:10,827,17.3,540,303.3
180,15-08-2021,05:19:10,822,17.2,538,300.7
181,15-08-2021,05:49:10,819,17.1,538,300.7
182,15-08-2021,06:19:10,817,17.1,538,300.7
183,15-08-2021,06:49:10,818,17.1,537,299.5
184,15-08-2021,07:19:10,821,17.2,536,298.2
185,15-08-2021,07:49:10,827,17.3,535,296.9
186,15-08-2021,08:19:10,834,17.4,535,296.9
187,15-08-2021,08:49:10,844,17.6,534,295.6
188,15-08-2021,09:19:10,852,17.8,533,294.4
189,15-08-2021,09:49:10,863,18,534,295.6
190,15-08-2021,10:19:10,876,18.3,543,307.1
191,15-08-2021,10:49:10,890,18.6,548,313.5
192,15-08-2021,11:19:10,901,18.8,549,314.8
193,15-08-2021,11:49:10,910,19,550,316.1
194,15-08-2021,12:19:10,914,19.1,551,317.4
195,15-08-2021,12:49:10,925,19.3,552,318.6
196,15-08-2021,13:19:10,934,19.5,553,319.9
197,15-08-2021,13:49:10,943,19.7,554,321.2
198,15-08-2021,14:19:10,950,19.9,553,319.9
199,15-08-2021,14:49:10,956,20,554,321.2
200,15-08-2021,15:19:10,960,20.1,554,321.2
201,15-08-2021,15:49:10,963,20.1,553,319.9
202,15-08-2021,16:19:10,963,20.1,552,318.6
203,15-08-2021,16:49:10,963,20.1,552,318.6
204,15-08-2021,17:19:10,964,20.1,551,317.4
205,15-08-2021,17:49:10,965,20.2,550,316.1
206,15-08-2021,18:19:10,965,20.2,550,316.1
207,15-08-2021,18:49:10,964,20.1,549,314.8
208,15-08-2021,19:19:10,960,20.1,548,313.5
209,15-08-2021,19:49:10,954,19.9,548,313.5
210,15-08-2021,20:19:10,947,19.8,547,312.2
211,15-08-2021,20:49:10,941,19.7,547,312.2
212,15-08-2021,21:19:10,933,19.5,546,311
213,15-08-2021,21:49:10,926,19.4,545,309.7
214,15-08-2021,22:19:10,921,19.2,544,308.4
215,15-08-2021,22:49:10,914,19.1,543,307.1
216,15-08-2021,23:19:10,908,19,544,308.4
217,15-08-2021,23:49:10,901,18.8,543,307.1
218,16-08-2021,00:19:10,895,18.7,543,307.1
219,16-08-2021,00:49:10,888,18.6,543,307.1
220,16-08-2021,01:19:10,881,18.4,543,307.1
221,16-08-2021,01:49:10,875,18.3,544,308.4
222,16-08-2021,02:19:10,868,18.1,544,308.4
223,16-08-2021,02:49:10,863,18,548,313.5
224,16-08-2021,03:19:10,857,17.9,549,314.8
225,16-08-2021,03:49:10,851,17.8,550,316.1
226,16-08-2021,04:19:10,845,17.7,550,316.1
227,16-08-2021,04:49:10,840,17.6,551,317.4
228,16-08-2021,05:19:10,835,17.4,551,317.4
229,16-08-2021,05:49:10,831,17.4,550,316.1
230,16-08-2021,06:19:10,829,17.3,550,316.1
231,16-08-2021,06:49:10,830,17.3,551,317.4
232,16-08-2021,07:19:10,832,17.4,551,317.4
233,16-08-2021,07:49:10,836,17.5,551,317.4
234,16-08-2021,08:19:10,844,17.6,551,317.4
235,16-08-2021,08:49:10,853,17.8,551,317.4
236,16-08-2021,09:19:10,864,18.1,551,317.4
237,16-08-2021,09:49:10,877,18.3,552,318.6
238,16-08-2021,10:19:10,893,18.7,552,318.6
239,16-08-2021,10:49:10,909,19,553,319.9
240,16-08-2021,11:19:10,924,19.3,553,319.9
241,16-08-2021,11:49:10,937,19.6,555,322.5
242,16-08-2021,12:19:10,948,19.8,555,322.5
243,16-08-2021,12:49:10,957,20,556,323.8
244,16-08-2021,13:19:10,962,20.1,557,325
245,16-08-2021,13:49:10,964,20.1,557,325
246,16-08-2021,14:19:10,964,20.1,558,326.3
247,16-08-2021,14:49:10,964,20.1,559,327.6
248,16-08-2021,15:19:10,965,20.2,560,328.9
249,16-08-2021,15:49:10,967,20.2,561,330.1
250,16-08-2021,16:19:10,969,20.2,561,330.1
251,16-08-2021,16:49:10,970,20.3,561,330.1
252,16-08-2021,17:19:10,971,20.3,561,330.1
253,16-08-2021,17:49:10,971,20.3,561,330.1
254,16-08-2021,18:19:10,970,20.3,562,331.4
255,16-08-2021,18:49:10,968,20.2,561,330.1
256,16-08-2021,19:19:10,964,20.1,560,328.9
257,16-08-2021,19:49:10,961,20.1,561,330.1
258,16-08-2021,20:19:10,957,20,562,331.4
259,16-08-2021,20:49:10,955,20,562,331.4
260,16-08-2021,21:19:10,951,19.9,562,331.4
261,16-08-2021,21:49:10,948,19.8,562,331.4
262,16-08-2021,22:19:10,943,19.7,563,332.7
263,16-08-2021,22:49:10,936,19.6,562,331.4
264,16-08-2021,23:19:10,930,19.4,563,332.7
265,16-08-2021,23:49:10,922,19.3,563,332.7
266,17-08-2021,00:19:10,915,19.1,565,335.3
267,17-08-2021,00:49:10,908,19,568,339.1
268,17-08-2021,01:19:10,900,18.8,568,339.1
269,17-08-2021,01:49:10,892,18.6,569,340.4
270,17-08-2021,02:19:10,884,18.5,570,341.7
271,17-08-2021,02:49:10,876,18.3,571,342.9
272,17-08-2021,03:19:10,868,18.1,571,342.9
273,17-08-2021,03:49:10,860,18,572,344.2
274,17-08-2021,04:19:10,854,17.8,573,345.5
275,17-08-2021,04:49:10,848,17.7,573,345.5
276,17-08-2021,05:19:10,843,17.6,573,345.5
277,17-08-2021,05:49:10,839,17.5,574,346.8
278,17-08-2021,06:19:10,836,17.5,574,346.8
279,17-08-2021,06:49:10,831,17.4,575,348.1
280,17-08-2021,07:19:10,827,17.3,576,349.3
281,17-08-2021,07:49:10,825,17.2,578,351.9
282,17-08-2021,08:19:10,823,17.2,581,355.7
283,17-08-2021,08:49:10,823,17.2,583,358.3
284,17-08-2021,09:19:10,821,17.2,586,362.1
285,17-08-2021,09:49:10,821,17.2,588,364.7
286,17-08-2021,10:19:10,821,17.2,591,368.5
287,17-08-2021,10:49:10,825,17.2,595,373.6
288,17-08-2021,11:19:10,829,17.3,597,376.2
289,17-08-2021,11:49:10,831,17.4,598,377.5
290,17-08-2021,12:19:10,832,17.4,600,380.1
291,17-08-2021,12:49:10,834,17.4,602,382.6
292,17-08-2021,13:19:10,835,17.4,604,385.2
293,17-08-2021,13:49:10,837,17.5,605,386.5
294,17-08-2021,14:19:10,837,17.5,606,387.7
295,17-08-2021,14:49:10,837,17.5,607,389
296,17-08-2021,15:19:10,835,17.4,608,390.3
297,17-08-2021,15:49:10,834,17.4,609,391.6
298,17-08-2021,16:19:10,832,17.4,610,392.9
299,17-08-2021,16:49:10,828,17.3,611,394.1
300,17-08-2021,17:19:10,825,17.2,611,394.1
301,17-08-2021,17:49:10,823,17.2,613,396.7
302,17-08-2021,18:19:10,822,17.2,614,398
303,17-08-2021,18:49:10,820,17.1,615,399.3
304,17-08-2021,19:19:10,817,17.1,616,400.5
305,17-08-2021,19:49:10,815,17,619,404.4
306,17-08-2021,20:19:10,810,16.9,620,405.7
307,17-08-2021,20:49:10,806,16.8,621,406.9
308,17-08-2021,21:19:10,801,16.7,623,409.5
309,17-08-2021,21:49:10,797,16.7,623,409.5
310,17-08-2021,22:19:10,791,16.5,624,410.8
311,17-08-2021,22:49:10,786,16.4,625,412.1
312,17-08-2021,23:19:10,781,16.3,625,412.1
313,17-08-2021,23:49:10,775,16.2,625,412.1
314,18-08-2021,00:19:10,770,16.1,625,412.1
315,18-08-2021,00:49:10,765,16,626,413.4
316,18-08-2021,01:19:10,761,15.9,625,412.1
317,18-08-2021,01:49:10,757,15.8,626,413.4
318,18-08-2021,02:19:10,754,15.8,625,412.1
319,18-08-2021,02:49:10,751,15.7,625,412.1
320,18-08-2021,03:19:10,747,15.6,625,412.1
321,18-08-2021,03:49:10,744,15.5,627,414.6
322,18-08-2021,04:19:10,741,15.5,627,414.6
323,18-08-2021,04:49:10,737,15.4,628,415.9
324,18-08-2021,05:19:10,733,15.3,631,419.8
325,18-08-2021,05:49:10,731,15.3,631,419.8
326,18-08-2021,06:19:10,730,15.3,631,419.8
327,18-08-2021,06:49:10,731,15.3,631,419.8
328,18-08-2021,07:19:10,733,15.3,632,421
329,18-08-2021,07:49:10,738,15.4,632,421
330,18-08-2021,08:19:10,743,15.5,631,419.8
331,18-08-2021,08:49:10,752,15.7,633,422.3
332,18-08-2021,09:19:10,761,15.9,632,421
333,18-08-2021,09:49:10,770,16.1,632,421
334,18-08-2021,10:19:10,782,16.3,633,422.3
335,18-08-2021,10:49:10,792,16.5,632,421
336,18-08-2021,11:19:10,796,16.6,631,419.8
337,18-08-2021,11:49:10,801,16.7,630,418.5
338,18-08-2021,12:19:10,803,16.8,629,417.2
339,18-08-2021,12:49:10,807,16.9,628,415.9
340,18-08-2021,13:19:10,813,17,628,415.9
341,18-08-2021,13:49:10,819,17.1,626,413.4
342,18-08-2021,14:19:10,826,17.3,625,412.1
343,18-08-2021,14:49:10,833,17.4,624,410.8
344,18-08-2021,15:19:10,839,17.5,623,409.5
345,18-08-2021,15:49:10,846,17.7,622,408.2
346,18-08-2021,16:19:10,848,17.7,619,404.4
347,18-08-2021,16:49:10,846,17.7,618,403.1
348,18-08-2021,17:19:10,841,17.6,614,398
349,18-08-2021,17:49:10,835,17.4,612,395.4
350,18-08-2021,18:19:10,829,17.3,610,392.9
351,18-08-2021,18:49:10,825,17.2,608,390.3
352,18-08-2021,19:19:10,821,17.2,607,389
353,18-08-2021,19:49:10,816,17.1,605,386.5
354,18-08-2021,20:19:10,811,16.9,603,383.9
355,18-08-2021,20:49:10,807,16.9,603,383.9
356,18-08-2021,21:19:10,802,16.8,601,381.3
357,18-08-2021,21:49:10,799,16.7,600,380.1
358,18-08-2021,22:19:10,795,16.6,599,378.8
359,18-08-2021,22:49:10,791,16.5,597,376.2
360,18-08-2021,23:19:10,786,16.4,596,374.9
361,18-08-2021,23:49:10,782,16.3,596,374.9
362,19-08-2021,00:19:10,778,16.3,595,373.6
363,19-08-2021,00:49:10,772,16.1,593,371.1
364,19-08-2021,01:19:10,767,16,592,369.8
365,19-08-2021,01:49:10,761,15.9,590,367.2
366,19-08-2021,02:19:10,754,15.8,588,364.7
367,19-08-2021,02:49:10,749,15.7,587,363.4
368,19-08-2021,03:19:10,744,15.5,586,362.1
369,19-08-2021,03:49:10,741,15.5,585,360.9
370,19-08-2021,04:19:10,737,15.4,583,358.3
371,19-08-2021,04:49:10,735,15.4,582,357
372,19-08-2021,05:19:10,733,15.3,581,355.7
373,19-08-2021,05:49:10,732,15.3,582,357
374,19-08-2021,06:19:10,733,15.3,582,357
375,19-08-2021,06:49:10,736,15.4,582,357
376,19-08-2021,07:19:10,739,15.4,581,355.7
377,19-08-2021,07:49:10,740,15.5,580,354.5
378,19-08-2021,08:19:10,744,15.5,579,353.2
379,19-08-2021,08:49:10,751,15.7,579,353.2
380,19-08-2021,09:19:10,758,15.8,578,351.9
381,19-08-2021,09:49:10,767,16,577,350.6
382,19-08-2021,10:19:10,781,16.3,577,350.6
383,19-08-2021,10:49:10,790,16.5,577,350.6
384,19-08-2021,11:19:10,798,16.7,575,348.1
385,19-08-2021,11:49:10,808,16.9,577,350.6
386,19-08-2021,12:19:10,817,17.1,577,350.6
387,19-08-2021,12:49:10,818,17.1,576,349.3
388,19-08-2021,13:19:10,819,17.1,575,348.1
389,19-08-2021,13:49:10,824,17.2,575,348.1
390,19-08-2021,14:19:10,824,17.2,575,348.1
391,19-08-2021,14:49:10,824,17.2,574,346.8
392,19-08-2021,15:19:10,825,17.2,574,346.8
393,19-08-2021,15:49:10,826,17.3,574,346.8
394,19-08-2021,16:19:10,825,17.2,573,345.5
395,19-08-2021,16:49:10,825,17.2,572,344.2
396,19-08-2021,17:19:10,824,17.2,571,342.9
397,19-08-2021,17:49:10,823,17.2,571,342.9
398,19-08-2021,18:19:10,823,17.2,571,342.9
399,19-08-2021,18:49:10,820,17.1,570,341.7
400,19-08-2021,19:19:10,819,17.1,569,340.4
401,19-08-2021,19:49:10,818,17.1,570,341.7
402,19-08-2021,20:19:10,815,17,569,340.4
403,19-08-2021,20:49:10,811,16.9,573,345.5
404,19-08-2021,21:19:10,808,16.9,573,345.5
405,19-08-2021,21:49:10,806,16.8,573,345.5
406,19-08-2021,22:19:10,802,16.8,572,344.2
407,19-08-2021,22:49:10,798,16.7,572,344.2
408,19-08-2021,23:19:10,796,16.6,572,344.2
409,19-08-2021,23:49:10,792,16.5,572,344.2
410,20-08-2021,00:19:10,788,16.5,572,344.2
411,20-08-2021,00:49:10,785,16.4,572,344.2
412,20-08-2021,01:19:10,781,16.3,571,342.9
413,20-08-2021,01:49:10,778,16.3,570,341.7
414,20-08-2021,02:19:10,775,16.2,570,341.7
415,20-08-2021,02:49:10,771,16.1,569,340.4
416,20-08-2021,03:19:10,769,16.1,569,340.4
417,20-08-2021,03:49:10,765,16,568,339.1
418,20-08-2021,04:19:10,763,15.9,568,339.1
419,20-08-2021,04:49:10,761,15.9,568,339.1
420,20-08-2021,05:19:10,759,15.9,568,339.1
421,20-08-2021,05:49:10,758,15.8,567,337.8
422,20-08-2021,06:19:10,757,15.8,567,337.8
423,20-08-2021,06:49:10,758,15.8,567,337.8
424,20-08-2021,07:19:10,759,15.9,567,337.8
425,20-08-2021,07:49:10,762,15.9,567,337.8
426,20-08-2021,08:19:10,767,16,567,337.8
427,20-08-2021,08:49:10,773,16.2,568,339.1
428,20-08-2021,09:19:10,780,16.3,567,337.8
429,20-08-2021,09:49:10,787,16.4,567,337.8
430,20-08-2021,10:19:10,794,16.6,568,339.1
431,20-08-2021,10:49:10,802,16.8,567,337.8
432,20-08-2021,11:19:10,811,16.9,567,337.8
433,20-08-2021,11:49:10,819,17.1,567,337.8
434,20-08-2021,12:19:10,829,17.3,569,340.4
435,20-08-2021,12:49:10,838,17.5,569,340.4
436,20-08-2021,13:19:10,844,17.6,570,341.7
437,20-08-2021,13:49:10,849,17.7,570,341.7
438,20-08-2021,14:19:10,851,17.8,571,342.9
439,20-08-2021,14:49:10,852,17.8,571,342.9
440,20-08-2021,15:19:10,853,17.8,572,344.2
441,20-08-2021,15:49:10,856,17.9,572,344.2
442,20-08-2021,16:19:10,858,17.9,572,344.2
443,20-08-2021,16:49:10,860,18,571,342.9
444,20-08-2021,17:19:10,859,18,572,344.2
445,20-08-2021,17:49:10,857,17.9,571,342.9
446,20-08-2021,18:19:10,854,17.8,570,341.7
447,20-08-2021,18:49:10,852,17.8,571,342.9
448,20-08-2021,19:19:10,849,17.7,570,341.7
449,20-08-2021,19:49:10,845,17.7,569,340.4
450,20-08-2021,20:19:10,842,17.6,570,341.7
451,20-08-2021,20:49:10,840,17.6,569,340.4
452,20-08-2021,21:19:10,836,17.5,568,339.1
453,20-08-2021,21:49:10,832,17.4,568,339.1
454,20-08-2021,22:19:10,827,17.3,568,339.1
455,20-08-2021,22:49:10,822,17.2,567,337.8
456,20-08-2021,23:19:10,816,17.1,567,337.8
457,20-08-2021,23:49:10,808,16.9,566,336.5
458,21-08-2021,00:19:10,801,16.7,565,335.3
459,21-08-2021,00:49:10,794,16.6,565,335.3
460,21-08-2021,01:19:10,786,16.4,565,335.3
461,21-08-2021,01:49:10,778,16.3,564,334
462,21-08-2021,02:19:10,769,16.1,563,332.7
463,21-08-2021,02:49:10,761,15.9,563,332.7
464,21-08-2021,03:19:10,752,15.7,563,332.7
465,21-08-2021,03:49:10,744,15.5,562,331.4
466,21-08-2021,04:19:10,736,15.4,561,330.1
467,21-08-2021,04:49:10,731,15.3,561,330.1
468,21-08-2021,05:19:10,727,15.2,560,328.9
469,21-08-2021,05:49:10,725,15.1,562,331.4
470,21-08-2021,06:19:10,725,15.1,563,332.7
471,21-08-2021,06:49:10,726,15.2,563,332.7
472,21-08-2021,07:19:10,730,15.3,564,334
473,21-08-2021,07:49:10,734,15.3,563,332.7
474,21-08-2021,08:19:10,742,15.5,563,332.7
475,21-08-2021,08:49:10,751,15.7,563,332.7
476,21-08-2021,09:19:10,762,15.9,564,334
477,21-08-2021,09:49:10,773,16.2,564,334
478,21-08-2021,10:19:10,783,16.4,564,334
479,21-08-2021,10:49:10,796,16.6,564,334
480,21-08-2021,11:19:10,809,16.9,564,334
481,21-08-2021,11:49:10,820,17.1,564,334
482,21-08-2021,12:19:10,825,17.2,564,334
483,21-08-2021,12:49:10,829,17.3,564,334
484,21-08-2021,13:19:10,837,17.5,564,334
485,21-08-2021,13:49:10,841,17.6,564,334
486,21-08-2021,14:19:10,846,17.7,564,334
487,21-08-2021,14:49:10,851,17.8,565,335.3
488,21-08-2021,15:19:10,856,17.9,566,336.5
489,21-08-2021,15:49:10,860,18,566,336.5
490,21-08-2021,16:19:10,863,18,565,335.3
491,21-08-2021,16:49:10,866,18.1,565,335.3
492,21-08-2021,17:19:10,867,18.1,565,335.3
493,21-08-2021,17:49:10,866,18.1,565,335.3
494,21-08-2021,18:19:10,864,18.1,564,334
495,21-08-2021,18:49:10,860,18,564,334
496,21-08-2021,19:19:10,856,17.9,564,334
497,21-08-2021,19:49:10,851,17.8,563,332.7
498,21-08-2021,20:19:10,844,17.6,563,332.7
499,21-08-2021,20:49:10,837,17.5,563,332.7
500,21-08-2021,21:19:10,829,17.3,562,331.4
501,21-08-2021,21:49:10,823,17.2,562,331.4
502,21-08-2021,22:19:10,816,17.1,562,331.4
503,21-08-2021,22:49:10,809,16.9,561,330.1
504,21-08-2021,23:19:10,804,16.8,562,331.4
505,21-08-2021,23:49:10,799,16.7,562,331.4
506,22-08-2021,00:19:10,794,16.6,562,331.4
507,22-08-2021,00:49:10,789,16.5,561,330.1
508,22-08-2021,01:19:10,783,16.4,561,330.1
509,22-08-2021,01:49:10,778,16.3,562,331.4
510,22-08-2021,02:19:10,772,16.1,562,331.4
511,22-08-2021,02:49:10,765,16,561,330.1
512,22-08-2021,03:19:10,759,15.9,560,328.9
513,22-08-2021,03:49:10,753,15.7,560,328.9
514,22-08-2021,04:19:10,746,15.6,560,328.9
515,22-08-2021,04:49:10,742,15.5,560,328.9
516,22-08-2021,05:19:10,738,15.4,560,328.9
517,22-08-2021,05:49:10,735,15.4,559,327.6
518,22-08-2021,06:19:10,733,15.3,560,328.9
519,22-08-2021,06:49:10,732,15.3,560,328.9
520,22-08-2021,07:19:10,734,15.3,560,328.9
521,22-08-2021,07:49:10,738,15.4,560,328.9
522,22-08-2021,08:19:10,744,15.5,558,326.3
523,22-08-2021,08:49:10,753,15.7,559,327.6
524,22-08-2021,09:19:10,761,15.9,559,327.6
525,22-08-2021,09:49:10,771,16.1,557,325
526,22-08-2021,10:19:10,784,16.4,558,326.3
527,22-08-2021,10:49:10,799,16.7,558,326.3
528,22-08-2021,11:19:10,811,16.9,557,325
529,22-08-2021,11:49:10,820,17.1,557,325
530,22-08-2021,12:19:10,830,17.3,558,326.3
531,22-08-2021,12:49:10,837,17.5,557,325
532,22-08-2021,13:19:10,847,17.7,557,325
533,22-08-2021,13:49:10,852,17.8,558,326.3
534,22-08-2021,14:19:10,856,17.9,558,326.3
535,22-08-2021,14:49:10,859,18,557,325
536,22-08-2021,15:19:10,862,18,557,325
537,22-08-2021,15:49:10,864,18.1,557,325
538,22-08-2021,16:19:10,864,18.1,556,323.8
539,22-08-2021,16:49:10,864,18.1,555,322.5
540,22-08-2021,17:19:10,865,18.1,554,321.2
541,22-08-2021,17:49:10,866,18.1,554,321.2
542,22-08-2021,18:19:10,866,18.1,553,319.9
543,22-08-2021,18:49:10,867,18.1,552,318.6
544,22-08-2021,19:19:10,868,18.1,552,318.6
545,22-08-2021,19:49:10,868,18.1,551,317.4
546,22-08-2021,20:19:10,868,18.1,550,316.1
547,22-08-2021,20:49:10,867,18.1,549,314.8
548,22-08-2021,21:19:10,864,18.1,548,313.5
549,22-08-2021,21:49:10,862,18,548,313.5
550,22-08-2021,22:19:10,858,17.9,546,311
551,22-08-2021,22:49:10,854,17.8,546,311
552,22-08-2021,23:19:10,850,17.8,546,311
553,22-08-2021,23:49:10,845,17.7,545,309.7
554,23-08-2021,00:19:10,839,17.5,545,309.7
555,23-08-2021,00:49:10,834,17.4,544,308.4
556,23-08-2021,01:19:10,828,17.3,544,308.4
557,23-08-2021,01:49:10,823,17.2,544,308.4
558,23-08-2021,02:19:10,817,17.1,543,307.1
559,23-08-2021,02:49:10,813,17,543,307.1
560,23-08-2021,03:19:10,808,16.9,542,305.9
561,23-08-2021,03:49:10,804,16.8,541,304.6
562,23-08-2021,04:19:10,800,16.7,542,305.9
563,23-08-2021,04:49:10,796,16.6,542,305.9
564,23-08-2021,05:19:10,792,16.5,541,304.6
565,23-08-2021,05:49:10,789,16.5,541,304.6
566,23-08-2021,06:19:10,786,16.4,540,303.3
567,23-08-2021,06:49:10,784,16.4,541,304.6
568,23-08-2021,07:19:10,782,16.3,541,304.6
569,23-08-2021,07:49:10,779,16.3,541,304.6
570,23-08-2021,08:19:10,779,16.3,542,305.9
571,23-08-2021,08:49:10,777,16.2,543,307.1
572,23-08-2021,09:19:10,776,16.2,545,309.7
573,23-08-2021,09:49:10,775,16.2,547,312.2
574,23-08-2021,10:19:10,776,16.2,547,312.2
575,23-08-2021,10:49:10,777,16.2,547,312.2
576,23-08-2021,11:19:10,779,16.3,546,311
577,23-08-2021,11:49:10,782,16.3,547,312.2
578,23-08-2021,12:19:10,784,16.4,546,311
579,23-08-2021,12:49:10,786,16.4,545,309.7
580,23-08-2021,13:19:10,789,16.5,541,304.6
581,23-08-2021,13:49:10,794,16.6,560,328.9
582,23-08-2021,14:19:10,797,16.7,560,328.9
583,23-08-2021,14:49:10,798,16.7,560,328.9
584,23-08-2021,15:19:10,800,16.7,565,335.3
585,23-08-2021,15:49:10,800,16.7,566,336.5
586,23-08-2021,16:19:10,801,16.7,567,337.8
587,23-08-2021,16:49:10,802,16.8,568,339.1
588,23-08-2021,17:19:10,803,16.8,569,340.4
589,23-08-2021,17:49:10,803,16.8,571,342.9
590,23-08-2021,18:19:10,803,16.8,572,344.2
591,23-08-2021,18:49:10,803,16.8,572,344.2
592,23-08-2021,19:19:10,802,16.8,573,345.5
593,23-08-2021,19:49:10,802,16.8,574,346.8
594,23-08-2021,20:19:10,800,16.7,573,345.5
595,23-08-2021,20:49:10,798,16.7,574,346.8
596,23-08-2021,21:19:10,798,16.7,575,348.1
597,23-08-2021,21:49:10,798,16.7,593,371.1
598,23-08-2021,22:19:10,796,16.6,593,371.1
599,23-08-2021,22:49:10,795,16.6,592,369.8
600,23-08-2021,23:19:10,793,16.6,593,371.1
601,23-08-2021,23:49:10,790,16.5,593,371.1
602,24-08-2021,00:19:10,787,16.4,593,371.1
603,24-08-2021,00:49:10,784,16.4,593,371.1
604,24-08-2021,01:19:10,782,16.3,596,374.9
605,24-08-2021,01:49:10,779,16.3,597,376.2
606,24-08-2021,02:19:10,775,16.2,598,377.5
607,24-08-2021,02:49:10,771,16.1,598,377.5
608,24-08-2021,03:19:10,767,16,599,378.8
609,24-08-2021,03:49:10,763,15.9,599,378.8
610,24-08-2021,04:19:10,759,15.9,599,378.8
611,24-08-2021,04:49:10,757,15.8,601,381.3
612,24-08-2021,05:19:10,754,15.8,601,381.3
613,24-08-2021,05:49:10,752,15.7,602,382.6
614,24-08-2021,06:19:10,750,15.7,602,382.6
615,24-08-2021,06:49:10,748,15.6,603,383.9
616,24-08-2021,07:19:10,748,15.6,603,383.9
617,24-08-2021,07:49:10,747,15.6,601,381.3
618,24-08-2021,08:19:10,747,15.6,601,381.3
619,24-08-2021,08:49:10,748,15.6,599,378.8
620,24-08-2021,09:19:10,749,15.7,601,381.3
621,24-08-2021,09:49:10,750,15.7,612,395.4
622,24-08-2021,10:19:10,751,15.7,612,395.4
623,24-08-2021,10:49:10,751,15.7,615,399.3
624,24-08-2021,11:19:10,752,15.7,616,400.5
625,24-08-2021,11:49:10,752,15.7,615,399.3
626,24-08-2021,12:19:10,754,15.8,615,399.3
627,24-08-2021,12:49:10,755,15.8,613,396.7
628,24-08-2021,13:19:10,757,15.8,611,394.1
629,24-08-2021,13:49:10,759,15.9,610,392.9
630,24-08-2021,14:19:10,761,15.9,626,413.4
631,24-08-2021,14:49:10,763,15.9,624,410.8
632,24-08-2021,15:19:10,766,16,619,404.4
633,24-08-2021,15:49:10,767,16,631,419.8
634,24-08-2021,16:19:10,767,16,628,415.9
635,24-08-2021,16:49:10,767,16,631,419.8
636,24-08-2021,17:19:10,767,16,635,424.9
637,24-08-2021,17:49:10,766,16,640,431.3
638,24-08-2021,18:19:10,764,16,642,433.9
639,24-08-2021,18:49:10,761,15.9,643,435.1
640,24-08-2021,19:19:10,757,15.8,643,435.1
641,24-08-2021,19:49:10,753,15.7,643,435.1
642,24-08-2021,20:19:10,750,15.7,644,436.4
643,24-08-2021,20:49:10,745,15.6,646,439
644,24-08-2021,21:19:10,740,15.5,646,439
645,24-08-2021,21:49:10,736,15.4,645,437.7
646,24-08-2021,22:19:10,732,15.3,644,436.4
647,24-08-2021,22:49:10,728,15.2,643,435.1
648,24-08-2021,23:19:10,726,15.2,643,435.1
649,24-08-2021,23:49:10,722,15.1,642,433.9
650,25-08-2021,00:19:10,719,15,642,433.9
651,25-08-2021,00:49:10,716,15,642,433.9
652,25-08-2021,01:19:10,711,14.9,641,432.6
653,25-08-2021,01:49:10,708,14.8,641,432.6
654,25-08-2021,02:19:10,704,14.7,643,435.1
655,25-08-2021,02:49:10,701,14.6,644,436.4
656,25-08-2021,03:19:10,696,14.5,646,439
657,25-08-2021,03:49:10,691,14.4,648,441.5
658,25-08-2021,04:19:10,686,14.3,649,442.8
659,25-08-2021,04:49:10,681,14.2,646,439
660,25-08-2021,05:19:10,676,14.1,641,432.6
661,25-08-2021,05:49:10,673,14.1,636,426.2
662,25-08-2021,06:19:10,672,14,627,414.6
663,25-08-2021,06:49:10,672,14,628,415.9
664,25-08-2021,07:19:10,674,14.1,628,415.9
665,25-08-2021,07:49:10,677,14.1,627,414.6
666,25-08-2021,08:19:10,682,14.3,628,415.9
667,25-08-2021,08:49:10,689,14.4,628,415.9
668,25-08-2021,09:19:10,697,14.6,628,415.9
669,25-08-2021,09:49:10,705,14.7,627,414.6
670,25-08-2021,10:19:10,711,14.9,626,413.4
671,25-08-2021,10:49:10,716,15,625,412.1
672,25-08-2021,11:19:10,720,15,625,412.1
673,25-08-2021,11:49:10,724,15.1,624,410.8
674,25-08-2021,12:19:10,731,15.3,624,410.8
675,25-08-2021,12:49:10,733,15.3,623,409.5
676,25-08-2021,13:19:10,741,15.5,622,408.2
677,25-08-2021,13:49:10,752,15.7,623,409.5
678,25-08-2021,14:19:10,762,15.9,623,409.5
679,25-08-2021,14:49:10,767,16,622,408.2
680,25-08-2021,15:19:10,770,16.1,621,406.9
681,25-08-2021,15:49:10,769,16.1,621,406.9
682,25-08-2021,16:19:10,769,16.1,621,406.9
683,25-08-2021,16:49:10,768,16,620,405.7
684,25-08-2021,17:19:10,769,16.1,619,404.4
685,25-08-2021,17:49:10,770,16.1,619,404.4
686,25-08-2021,18:19:10,767,16,618,403.1
687,25-08-2021,18:49:10,763,15.9,617,401.8
688,25-08-2021,19:19:10,759,15.9,616,400.5
689,25-08-2021,19:49:10,754,15.8,616,400.5
690,25-08-2021,20:19:10,749,15.7,614,398
691,25-08-2021,20:49:10,745,15.6,614,398
692,25-08-2021,21:19:10,741,15.5,614,398
693,25-08-2021,21:49:10,736,15.4,613,396.7
694,25-08-2021,22:19:10,733,15.3,613,396.7
695,25-08-2021,22:49:10,729,15.2,612,395.4
696,25-08-2021,23:19:10,726,15.2,611,394.1
697,25-08-2021,23:49:10,721,15.1,611,394.1
698,26-08-2021,00:19:10,717,15,610,392.9
699,26-08-2021,00:49:10,712,14.9,610,392.9
700,26-08-2021,01:19:10,708,14.8,609,391.6
701,26-08-2021,01:49:10,703,14.7,609,391.6
702,26-08-2021,02:19:10,698,14.6,608,390.3
703,26-08-2021,02:49:10,693,14.5,608,390.3
704,26-08-2021,03:19:10,688,14.4,609,391.6
705,26-08-2021,03:49:10,685,14.3,610,392.9
706,26-08-2021,04:19:10,682,14.3,610,392.9
707,26-08-2021,04:49:10,679,14.2,611,394.1
708,26-08-2021,05:19:10,677,14.1,612,395.4
709,26-08-2021,05:49:10,676,14.1,613,396.7
710,26-08-2021,06:19:10,674,14.1,614,398
711,26-08-2021,06:49:10,675,14.1,614,398
712,26-08-2021,07:19:10,676,14.1,612,395.4
713,26-08-2021,07:49:10,676,14.1,613,396.7
714,26-08-2021,08:19:10,679,14.2,610,392.9
715,26-08-2021,08:49:10,681,14.2,607,389
716,26-08-2021,09:19:10,687,14.4,605,386.5
717,26-08-2021,09:49:10,691,14.4,605,386.5
718,26-08-2021,10:19:10,697,14.6,604,385.2
719,26-08-2021,10:49:10,703,14.7,591,368.5
720,26-08-2021,11:19:10,715,14.9,617,401.8
721,26-08-2021,11:49:10,722,15.1,612,395.4
722,26-08-2021,12:19:10,732,15.3,619,404.4
723,26-08-2021,12:49:10,739,15.4,617,401.8
724,26-08-2021,13:19:10,747,15.6,622,408.2
725,26-08-2021,13:49:10,750,15.7,622,408.2
726,26-08-2021,14:19:10,754,15.8,622,408.2
727,26-08-2021,14:49:10,755,15.8,624,410.8
728,26-08-2021,15:19:10,754,15.8,622,408.2
729,26-08-2021,15:49:10,756,15.8,621,406.9
730,26-08-2021,16:19:10,757,15.8,622,408.2
731,26-08-2021,16:49:10,757,15.8,622,408.2
732,26-08-2021,17:19:10,756,15.8,623,409.5
733,26-08-2021,17:49:10,755,15.8,625,412.1
734,26-08-2021,18:19:10,752,15.7,627,414.6
735,26-08-2021,18:49:10,747,15.6,630,418.5
736,26-08-2021,19:19:10,742,15.5,632,421
737,26-08-2021,19:49:10,738,15.4,634,423.6
738,26-08-2021,20:19:10,734,15.3,635,424.9
739,26-08-2021,20:49:10,730,15.3,636,426.2
740,26-08-2021,21:19:10,726,15.2,637,427.4
741,26-08-2021,21:49:10,722,15.1,638,428.7
742,26-08-2021,22:19:10,715,14.9,639,430
743,26-08-2021,22:49:10,709,14.8,640,431.3
744,26-08-2021,23:19:10,701,14.6,640,431.3
745,26-08-2021,23:49:10,694,14.5,640,431.3
746,27-08-2021,00:19:10,689,14.4,636,426.2
747,27-08-2021,00:49:10,684,14.3,635,424.9
748,27-08-2021,01:19:10,679,14.2,635,424.9
749,27-08-2021,01:49:10,674,14.1,635,424.9
750,27-08-2021,02:19:10,669,14,635,424.9
751,27-08-2021,02:49:10,666,13.9,635,424.9
752,27-08-2021,03:19:10,663,13.9,635,424.9
753,27-08-2021,03:49:10,660,13.8,635,424.9
754,27-08-2021,04:19:10,658,13.7,634,423.6
755,27-08-2021,04:49:10,655,13.7,633,422.3
756,27-08-2021,05:19:10,653,13.6,633,422.3
757,27-08-2021,05:49:10,651,13.6,631,419.8
758,27-08-2021,06:19:10,650,13.6,631,419.8
759,27-08-2021,06:49:10,650,13.6,629,417.2
760,27-08-2021,07:19:10,651,13.6,626,413.4
761,27-08-2021,07:49:10,653,13.6,626,413.4
762,27-08-2021,08:19:10,655,13.7,623,409.5
763,27-08-2021,08:49:10,659,13.8,623,409.5
764,27-08-2021,09:19:10,663,13.9,619,404.4
765,27-08-2021,09:49:10,668,14,634,423.6
766,27-08-2021,10:19:10,677,14.1,633,422.3
767,27-08-2021,10:49:10,682,14.3,639,430
768,27-08-2021,11:19:10,691,14.4,638,428.7
769,27-08-2021,11:49:10,697,14.6,639,430
770,27-08-2021,12:19:10,704,14.7,638,428.7
771,27-08-2021,12:49:10,712,14.9,638,428.7
772,27-08-2021,13:19:10,717,15,637,427.4
773,27-08-2021,13:49:10,722,15.1,637,427.4
774,27-08-2021,14:19:10,725,15.1,637,427.4
775,27-08-2021,14:49:10,732,15.3,637,427.4
776,27-08-2021,15:19:10,737,15.4,636,426.2
777,27-08-2021,15:49:10,741,15.5,637,427.4
778,27-08-2021,16:19:10,742,15.5,636,426.2
779,27-08-2021,16:49:10,740,15.5,641,432.6
780,27-08-2021,17:19:10,740,15.5,643,435.1
781,27-08-2021,17:49:10,739,15.4,646,439
782,27-08-2021,18:19:10,737,15.4,650,444.1
783,27-08-2021,18:49:10,732,15.3,651,445.4
784,27-08-2021,19:19:10,728,15.2,653,448
785,27-08-2021,19:49:10,724,15.1,654,449.2
786,27-08-2021,20:19:10,721,15.1,655,450.5
787,27-08-2021,20:49:10,717,15,657,453.1
788,27-08-2021,21:19:10,713,14.9,657,453.1
789,27-08-2021,21:49:10,708,14.8,659,455.7
790,27-08-2021,22:19:10,702,14.7,660,456.9
791,27-08-2021,22:49:10,696,14.5,660,456.9
792,27-08-2021,23:19:10,691,14.4,660,456.9
793,27-08-2021,23:49:10,684,14.3,660,456.9
794,28-08-2021,00:19:10,678,14.2,661,458.2
795,28-08-2021,00:49:10,672,14,661,458.2
796,28-08-2021,01:19:10,666,13.9,662,459.5
797,28-08-2021,01:49:10,660,13.8,663,460.8
798,28-08-2021,02:19:10,653,13.6,663,460.8
799,28-08-2021,02:49:10,646,13.5,663,460.8
800,28-08-2021,03:19:10,639,13.4,663,460.8
801,28-08-2021,03:49:10,634,13.2,663,460.8
802,28-08-2021,04:19:10,627,13.1,663,460.8
803,28-08-2021,04:49:10,622,13,659,455.7
804,28-08-2021,05:19:10,619,12.9,653,448
805,28-08-2021,05:49:10,617,12.9,647,440.3
806,28-08-2021,06:19:10,617,12.9,635,424.9
807,28-08-2021,06:49:10,619,12.9,632,421
808,28-08-2021,07:19:10,621,13,631,419.8
809,28-08-2021,07:49:10,626,13.1,628,415.9
810,28-08-2021,08:19:10,632,13.2,627,414.6
811,28-08-2021,08:49:10,640,13.4,625,412.1
812,28-08-2021,09:19:10,648,13.5,625,412.1
813,28-08-2021,09:49:10,658,13.7,629,417.2
814,28-08-2021,10:19:10,664,13.9,627,414.6
815,28-08-2021,10:49:10,666,13.9,631,419.8
816,28-08-2021,11:19:10,666,13.9,626,413.4
817,28-08-2021,11:49:10,667,13.9,626,413.4
818,28-08-2021,12:19:10,670,14,627,414.6
819,28-08-2021,12:49:10,672,14,628,415.9
820,28-08-2021,13:19:10,676,14.1,624,410.8
821,28-08-2021,13:49:10,684,14.3,635,424.9
822,28-08-2021,14:19:10,691,14.4,634,423.6
823,28-08-2021,14:49:10,699,14.6,632,421
824,28-08-2021,15:19:10,705,14.7,631,419.8
825,28-08-2021,15:49:10,709,14.8,629,417.2
826,28-08-2021,16:19:10,712,14.9,628,415.9
827,28-08-2021,16:49:10,713,14.9,626,413.4
828,28-08-2021,17:19:10,716,15,625,412.1
829,28-08-2021,17:49:10,719,15,624,410.8
830,28-08-2021,18:19:10,720,15,622,408.2
831,28-08-2021,18:49:10,720,15,621,406.9
832,28-08-2021,19:19:10,718,15,619,404.4
833,28-08-2021,19:49:10,715,14.9,619,404.4
834,28-08-2021,20:19:10,713,14.9,619,404.4
835,28-08-2021,20:49:10,708,14.8,618,403.1
836,28-08-2021,21:19:10,703,14.7,617,401.8
837,28-08-2021,21:49:10,698,14.6,616,400.5
838,28-08-2021,22:19:10,693,14.5,616,400.5
839,28-08-2021,22:49:10,688,14.4,617,401.8
840,28-08-2021,23:19:10,683,14.3,617,401.8
841,28-08-2021,23:49:10,678,14.2,618,403.1
842,29-08-2021,00:19:10,674,14.1,617,401.8
843,29-08-2021,00:49:10,669,14,617,401.8
844,29-08-2021,01:19:10,664,13.9,617,401.8
845,29-08-2021,01:49:10,660,13.8,616,400.5
846,29-08-2021,02:19:10,656,13.7,615,399.3
847,29-08-2021,02:49:10,651,13.6,614,398
848,29-08-2021,03:19:10,646,13.5,612,395.4
849,29-08-2021,03:49:10,641,13.4,611,394.1
850,29-08-2021,04:19:10,637,13.3,610,392.9
851,29-08-2021,04:49:10,633,13.2,609,391.6
852,29-08-2021,05:19:10,629,13.1,610,392.9
853,29-08-2021,05:49:10,626,13.1,609,391.6
854,29-08-2021,06:19:10,625,13.1,611,394.1
855,29-08-2021,06:49:10,625,13.1,611,394.1
856,29-08-2021,07:19:10,627,13.1,612,395.4
857,29-08-2021,07:49:10,631,13.2,613,396.7
858,29-08-2021,08:19:10,637,13.3,615,399.3
859,29-08-2021,08:49:10,642,13.4,616,400.5
860,29-08-2021,09:19:10,648,13.5,618,403.1
861,29-08-2021,09:49:10,653,13.6,618,403.1
862,29-08-2021,10:19:10,662,13.8,619,404.4
863,29-08-2021,10:49:10,674,14.1,620,405.7
864,29-08-2021,11:19:10,687,14.4,621,406.9
865,29-08-2021,11:49:10,693,14.5,623,409.5
866,29-08-2021,12:19:10,699,14.6,623,409.5
867,29-08-2021,12:49:10,707,14.8,624,410.8
868,29-08-2021,13:19:10,718,15,624,410.8
869,29-08-2021,13:49:10,726,15.2,625,412.1
870,29-08-2021,14:19:10,730,15.3,625,412.1
871,29-08-2021,14:49:10,738,15.4,625,412.1
872,29-08-2021,15:19:10,743,15.5,625,412.1
873,29-08-2021,15:49:10,745,15.6,624,410.8
874,29-08-2021,16:19:10,746,15.6,624,410.8
875,29-08-2021,16:49:10,744,15.5,624,410.8
876,29-08-2021,17:19:10,745,15.6,624,410.8
877,29-08-2021,17:49:10,746,15.6,624,410.8
878,29-08-2021,18:19:10,748,15.6,623,409.5
879,29-08-2021,18:49:10,748,15.6,624,410.8
880,29-08-2021,19:19:10,747,15.6,623,409.5
881,29-08-2021,19:49:10,746,15.6,622,408.2
882,29-08-2021,20:19:10,744,15.5,622,408.2
883,29-08-2021,20:49:10,741,15.5,621,406.9
884,29-08-2021,21:19:10,736,15.4,621,406.9
885,29-08-2021,21:49:10,731,15.3,621,406.9
886,29-08-2021,22:19:10,728,15.2,620,405.7
887,29-08-2021,22:49:10,722,15.1,620,405.7
888,29-08-2021,23:19:10,717,15,619,404.4
889,29-08-2021,23:49:10,711,14.9,618,403.1
890,30-08-2021,00:19:10,707,14.8,618,403.1
891,30-08-2021,00:49:10,703,14.7,617,401.8
892,30-08-2021,01:19:10,699,14.6,617,401.8
893,30-08-2021,01:49:10,695,14.5,617,401.8
894,30-08-2021,02:19:10,691,14.4,616,400.5
895,30-08-2021,02:49:10,688,14.4,616,400.5
896,30-08-2021,03:19:10,685,14.3,615,399.3
897,30-08-2021,03:49:10,681,14.2,615,399.3
898,30-08-2021,04:19:10,678,14.2,614,398
899,30-08-2021,04:49:10,675,14.1,613,396.7
900,30-08-2021,05:19:10,673,14.1,613,396.7
901,30-08-2021,05:49:10,671,14,614,398
902,30-08-2021,06:19:10,669,14,613,396.7
903,30-08-2021,06:49:10,668,14,613,396.7
904,30-08-2021,07:19:10,667,13.9,613,396.7
905,30-08-2021,07:49:10,666,13.9,612,395.4
906,30-08-2021,08:19:10,665,13.9,611,394.1
907,30-08-2021,08:49:10,665,13.9,610,392.9
908,30-08-2021,09:19:10,665,13.9,610,392.9
909,30-08-2021,09:49:10,666,13.9,610,392.9
910,30-08-2021,10:19:10,666,13.9,608,390.3
911,30-08-2021,10:49:10,667,13.9,608,390.3
912,30-08-2021,11:19:10,668,14,606,387.7
913,30-08-2021,11:49:10,669,14,605,386.5
914,30-08-2021,12:19:10,671,14,606,387.7
915,30-08-2021,12:49:10,672,14,607,389
916,30-08-2021,13:19:10,675,14.1,608,390.3
917,30-08-2021,13:49:10,676,14.1,605,386.5
918,30-08-2021,14:19:10,678,14.2,606,387.7
919,30-08-2021,14:49:10,680,14.2,608,390.3
920,30-08-2021,15:19:10,681,14.2,608,390.3
921,30-08-2021,15:49:10,682,14.3,622,408.2
922,30-08-2021,16:19:10,683,14.3,632,421
923,30-08-2021,16:49:10,684,14.3,634,423.6
924,30-08-2021,17:19:10,683,14.3,636,426.2
925,30-08-2021,17:49:10,682,14.3,645,437.7
926,30-08-2021,18:19:10,681,14.2,655,450.5
927,30-08-2021,18:49:10,681,14.2,656,451.8
928,30-08-2021,19:19:10,681,14.2,656,451.8
929,30-08-2021,19:49:10,680,14.2,666,464.6
930,30-08-2021,20:19:10,680,14.2,667,465.9
931,30-08-2021,20:49:10,680,14.2,666,464.6
932,30-08-2021,21:19:10,680,14.2,666,464.6
933,30-08-2021,21:49:10,680,14.2,667,465.9
934,30-08-2021,22:19:10,680,14.2,686,490.3
935,30-08-2021,22:49:10,680,14.2,686,490.3
936,30-08-2021,23:19:10,680,14.2,697,504.4
937,30-08-2021,23:49:10,680,14.2,698,505.7
938,31-08-2021,00:19:10,680,14.2,707,517.3
939,31-08-2021,00:49:10,679,14.2,708,518.5
940,31-08-2021,01:19:10,678,14.2,706,516
941,31-08-2021,01:49:10,678,14.2,712,523.7
942,31-08-2021,02:19:10,677,14.1,712,523.7
943,31-08-2021,02:49:10,676,14.1,720,534
944,31-08-2021,03:19:10,676,14.1,720,534
945,31-08-2021,03:49:10,676,14.1,720,534
946,31-08-2021,04:19:10,676,14.1,720,534
947,31-08-2021,04:49:10,676,14.1,727,543
948,31-08-2021,05:19:10,676,14.1,727,543
949,31-08-2021,05:49:10,678,14.2,734,551.9
950,31-08-2021,06:19:10,678,14.2,734,551.9
951,31-08-2021,06:49:10,679,14.2,741,560.9
952,31-08-2021,07:19:10,680,14.2,740,559.7
953,31-08-2021,07:49:10,682,14.3,748,569.9
954,31-08-2021,08:19:10,685,14.3,751,573.8
955,31-08-2021,08:49:10,691,14.4,762,588
956,31-08-2021,09:19:10,693,14.5,768,595.7
957,31-08-2021,09:49:10,696,14.5,768,595.7
958,31-08-2021,10:19:10,697,14.6,769,597
959,31-08-2021,10:49:10,700,14.6,775,604.7
960,31-08-2021,11:19:10,703,14.7,779,609.8
961,31-08-2021,11:49:10,708,14.8,783,615
962,31-08-2021,12:19:10,710,14.8,791,625.3
963,31-08-2021,12:49:10,713,14.9,789,622.7
964,31-08-2021,13:19:10,716,15,798,634.3
965,31-08-2021,13:49:10,719,15,801,638.1
966,31-08-2021,14:19:10,721,15.1,808,647.2
967,31-08-2021,14:49:10,724,15.1,811,651
968,31-08-2021,15:19:10,725,15.1,812,652.3
969,31-08-2021,15:49:10,725,15.1,820,662.6
970,31-08-2021,16:19:10,726,15.2,821,663.9
971,31-08-2021,16:49:10,727,15.2,827,671.6
972,31-08-2021,17:19:10,728,15.2,834,680.7
973,31-08-2021,17:49:10,728,15.2,835,682
974,31-08-2021,18:19:10,728,15.2,844,693.6
975,31-08-2021,18:49:10,728,15.2,845,694.8
976,31-08-2021,19:19:10,728,15.2,854,706.5
977,31-08-2021,19:49:10,728,15.2,853,705.2
978,31-08-2021,20:19:10,728,15.2,862,716.8
979,31-08-2021,20:49:10,729,15.2,864,719.4
980,31-08-2021,21:19:10,729,15.2,872,729.7
981,31-08-2021,21:49:10,729,15.2,873,731
982,31-08-2021,22:19:10,729,15.2,880,740
983,31-08-2021,22:49:10,729,15.2,881,741.3
984,31-08-2021,23:19:10,729,15.2,890,752.9
985,31-08-2021,23:49:10,728,15.2,890,752.9
986,01-09-2021,00:19:10,728,15.2,897,761.9
987,01-09-2021,00:49:10,728,15.2,898,763.2
988,01-09-2021,01:19:10,727,15.2,905,772.3
989,01-09-2021,01:49:10,726,15.2,906,773.6
990,01-09-2021,02:19:10,725,15.1,906,773.6
991,01-09-2021,02:49:10,724,15.1,914,783.9
992,01-09-2021,03:19:10,723,15.1,915,785.2
993,01-09-2021,03:49:10,723,15.1,914,783.9
994,01-09-2021,04:19:10,723,15.1,916,786.5
995,01-09-2021,04:49:10,722,15.1,924,796.8
996,01-09-2021,05:19:10,722,15.1,925,798.1
997,01-09-2021,05:49:10,721,15.1,924,796.8
998,01-09-2021,06:19:10,721,15.1,925,798.1
999,01-09-2021,06:49:10,721,15.1,932,807.2
1000,01-09-2021,07:19:10,721,15.1,932,807.2
1001,01-09-2021,07:49:10,721,15.1,930,804.6
1002,01-09-2021,08:19:10,724,15.1,937,813.6
1003,01-09-2021,08:49:10,728,15.2,935,811
1004,01-09-2021,09:19:10,732,15.3,943,821.4
1005,01-09-2021,09:49:10,737,15.4,944,822.7
1006,01-09-2021,10:19:10,741,15.5,943,821.4
1007,01-09-2021,10:49:10,747,15.6,947,826.5
1008,01-09-2021,11:19:10,750,15.7,957,839.5
1009,01-09-2021,11:49:10,753,15.7,951,831.7
1010,01-09-2021,12:19:10,756,15.8,961,844.7
1011,01-09-2021,12:49:10,760,15.9,970,856.3
1012,01-09-2021,13:19:10,765,16,970,856.3
1013,01-09-2021,13:49:10,769,16.1,972,858.9
1014,01-09-2021,14:19:10,770,16.1,973,860.2
1015,01-09-2021,14:49:10,772,16.1,974,861.5
1016,01-09-2021,15:19:10,773,16.2,974,861.5
1017,01-09-2021,15:49:10,774,16.2,975,862.8
1018,01-09-2021,16:19:10,774,16.2,977,865.4
1019,01-09-2021,16:49:10,774,16.2,977,865.4
1020,01-09-2021,17:19:10,773,16.2,978,866.6
1021,01-09-2021,17:49:10,773,16.2,979,867.9
1022,01-09-2021,18:19:10,771,16.1,979,867.9
1023,01-09-2021,18:49:10,771,16.1,979,867.9
1024,01-09-2021,19:19:10,770,16.1,980,869.2
1025,01-09-2021,19:49:10,768,16,980,869.2
1026,01-09-2021,20:19:10,768,16,983,873.1
1027,01-09-2021,20:49:10,767,16,985,875.7
1028,01-09-2021,21:19:10,765,16,985,875.7
1029,01-09-2021,21:49:10,762,15.9,987,878.3
1030,01-09-2021,22:19:10,761,15.9,986,877
1031,01-09-2021,22:49:10,758,15.8,986,877
1032,01-09-2021,23:19:10,755,15.8,988,879.6
1033,01-09-2021,23:49:10,752,15.7,987,878.3
1034,02-09-2021,00:19:10,750,15.7,988,879.6
1035,02-09-2021,00:49:10,747,15.6,989,880.9
1036,02-09-2021,01:19:10,745,15.6,988,879.6
1037,02-09-2021,01:49:10,744,15.5,987,878.3
1038,02-09-2021,02:19:10,742,15.5,988,879.6
1039,02-09-2021,02:49:10,740,15.5,989,880.9
1040,02-09-2021,03:19:10,738,15.4,989,880.9
1041,02-09-2021,03:49:10,736,15.4,988,879.6
1042,02-09-2021,04:19:10,734,15.3,987,878.3
1043,02-09-2021,04:49:10,732,15.3,989,880.9
1044,02-09-2021,05:19:10,730,15.3,990,882.2
1045,02-09-2021,05:49:10,730,15.3,988,879.6
1046,02-09-2021,06:19:10,730,15.3,989,880.9
1047,02-09-2021,06:49:10,730,15.3,990,882.2
1048,02-09-2021,07:19:10,732,15.3,988,879.6
1049,02-09-2021,07:49:10,735,15.4,990,882.2
1050,02-09-2021,08:19:10,738,15.4,990,882.2
1051,02-09-2021,08:49:10,742,15.5,990,882.2
1052,02-09-2021,09:19:10,746,15.6,988,879.6
1053,02-09-2021,09:49:10,753,15.7,989,880.9
1054,02-09-2021,10:19:10,759,15.9,988,879.6
1055,02-09-2021,10:49:10,764,16,988,879.6
1056,02-09-2021,11:19:10,769,16.1,995,888.7
1057,02-09-2021,11:49:10,771,16.1,995,888.7
1058,02-09-2021,12:19:10,773,16.2,992,884.8
1059,02-09-2021,12:49:10,774,16.2,994,887.4
1060,02-09-2021,13:19:10,773,16.2,989,880.9
1061,02-09-2021,13:49:10,774,16.2,990,882.2
1062,02-09-2021,14:19:10,775,16.2,988,879.6
1063,02-09-2021,14:49:10,775,16.2,987,878.3
1064,02-09-2021,15:19:10,777,16.2,986,877
1065,02-09-2021,15:49:10,778,16.3,985,875.7
1066,02-09-2021,16:19:10,778,16.3,984,874.4
1067,02-09-2021,16:49:10,778,16.3,980,869.2
1068,02-09-2021,17:19:10,777,16.2,980,869.2